NOC,Year,Total Participants,Medal Winners,Medal Efficiency
AFG,1936,16,0.0,0.0
AFG,1948,25,0.0,0.0
AFG,1956,12,0.0,0.0
AFG,1960,16,0.0,0.0
AFG,1964,8,0.0,0.0
AFG,1968,5,0.0,0.0
AFG,1972,8,0.0,0.0
AFG,1980,11,0.0,0.0
AFG,1988,5,0.0,0.0
AFG,1996,2,0.0,0.0
AFG,2004,5,0.0,0.0
AFG,2008,4,1.0,0.25
AFG,2012,6,1.0,0.1666666666666666
AFG,2016,3,0.0,0.0
AFG,2020,5,0.0,0.0
AFG,2024,6,0.0,0.0
AHO,1952,11,0.0,0.0
AHO,1960,5,0.0,0.0
AHO,1964,4,0.0,0.0
AHO,1968,5,0.0,0.0
AHO,1972,2,0.0,0.0
AHO,1976,4,0.0,0.0
AHO,1984,13,0.0,0.0
AHO,1988,4,1.0,0.25
AHO,1992,4,0.0,0.0
AHO,1996,7,0.0,0.0
AHO,2000,8,0.0,0.0
AHO,2004,3,0.0,0.0
AHO,2008,4,0.0,0.0
RUS,2024,32,6.0,0.1875
ALB,1972,5,0.0,0.0
ALB,1992,9,0.0,0.0
ALB,1996,9,0.0,0.0
ALB,2000,5,0.0,0.0
ALB,2004,7,0.0,0.0
ALB,2008,12,0.0,0.0
ALB,2012,10,0.0,0.0
ALB,2016,6,0.0,0.0
ALB,2020,10,0.0,0.0
ALB,2024,8,2.0,0.25
ALG,1964,7,0.0,0.0
ALG,1968,9,0.0,0.0
ALG,1972,7,0.0,0.0
ALG,1980,63,0.0,0.0
ALG,1984,33,2.0,0.0606060606060606
ALG,1988,45,0.0,0.0
ALG,1992,36,2.0,0.0555555555555555
ALG,1996,47,3.0,0.0638297872340425
ALG,2000,51,5.0,0.0980392156862745
ALG,2004,71,0.0,0.0
ALG,2008,57,2.0,0.0350877192982456
ALG,2012,39,1.0,0.0256410256410256
ALG,2016,74,2.0,0.027027027027027
ALG,2020,45,0.0,0.0
ALG,2024,46,3.0,0.0652173913043478
AND,1976,3,0.0,0.0
AND,1980,2,0.0,0.0
AND,1984,2,0.0,0.0
AND,1988,4,0.0,0.0
AND,1992,8,0.0,0.0
AND,1996,8,0.0,0.0
AND,2000,5,0.0,0.0
AND,2004,6,0.0,0.0
AND,2008,5,0.0,0.0
AND,2012,6,0.0,0.0
AND,2016,4,0.0,0.0
AND,2020,3,0.0,0.0
AND,2024,2,0.0,0.0
ANG,1980,17,0.0,0.0
ANG,1988,33,0.0,0.0
ANG,1992,33,0.0,0.0
ANG,1996,30,0.0,0.0
ANG,2000,30,0.0,0.0
ANG,2004,30,0.0,0.0
ANG,2008,33,0.0,0.0
ANG,2012,35,0.0,0.0
ANG,2016,26,0.0,0.0
ANG,2020,20,0.0,0.0
ANG,2024,25,0.0,0.0
ANT,1976,17,0.0,0.0
ANT,1984,27,0.0,0.0
ANT,1988,25,0.0,0.0
ANT,1992,18,0.0,0.0
ANT,1996,19,0.0,0.0
ANT,2000,4,0.0,0.0
ANT,2004,5,0.0,0.0
ANT,2008,5,0.0,0.0
ANT,2012,4,0.0,0.0
ANT,2016,9,0.0,0.0
ANT,2020,6,0.0,0.0
ANT,2024,5,0.0,0.0
ANZ,1908,48,19.0,0.3958333333333333
ANZ,1912,38,10.0,0.2631578947368421
ARG,1900,1,0.0,0.0
ARG,1908,1,0.0,0.0
ARG,1920,1,0.0,0.0
ARG,1924,109,10.0,0.091743119266055
ARG,1928,98,26.0,0.2653061224489796
ARG,1932,47,4.0,0.0851063829787234
ARG,1936,68,11.0,0.1617647058823529
ARG,1948,295,11.0,0.0372881355932203
ARG,1952,174,6.0,0.0344827586206896
ARG,1956,44,2.0,0.0454545454545454
ARG,1960,116,4.0,0.0344827586206896
ARG,1964,148,1.0,0.0067567567567567
ARG,1968,132,2.0,0.0151515151515151
ARG,1972,123,1.0,0.008130081300813
ARG,1976,106,0.0,0.0
ARG,1984,115,0.0,0.0
ARG,1988,134,13.0,0.0970149253731343
ARG,1992,111,2.0,0.018018018018018
ARG,1996,221,20.0,0.090497737556561
ARG,2000,165,20.0,0.1212121212121212
ARG,2004,179,49.0,0.2737430167597765
ARG,2008,145,51.0,0.3517241379310344
ARG,2012,148,19.0,0.1283783783783783
ARG,2016,232,22.0,0.0948275862068965
ARG,2020,208,43.0,0.2067307692307692
ARG,2024,143,19.0,0.1328671328671328
ARM,1996,38,2.0,0.0526315789473684
ARM,2000,26,1.0,0.0384615384615384
ARM,2004,19,0.0,0.0
ARM,2008,26,6.0,0.2307692307692307
ARM,2012,31,3.0,0.0967741935483871
ARM,2016,34,4.0,0.1176470588235294
ARM,2020,19,4.0,0.2105263157894736
ARM,2024,15,4.0,0.2666666666666666
ARU,1988,12,0.0,0.0
ARU,1992,5,0.0,0.0
ARU,1996,3,0.0,0.0
ARU,2000,5,0.0,0.0
ARU,2004,4,0.0,0.0
ARU,2008,2,0.0,0.0
ARU,2012,4,0.0,0.0
ARU,2016,7,0.0,0.0
ARU,2020,4,0.0,0.0
ARU,2024,6,0.0,0.0
ASA,1988,6,0.0,0.0
ASA,1992,3,0.0,0.0
ASA,1996,7,0.0,0.0
ASA,2000,4,0.0,0.0
ASA,2004,3,0.0,0.0
ASA,2008,4,0.0,0.0
ASA,2012,4,0.0,0.0
ASA,2016,4,0.0,0.0
ASA,2020,6,0.0,0.0
ASA,2024,2,0.0,0.0
AUS,1896,5,3.0,0.6
AUS,1900,6,6.0,1.0
AUS,1904,6,4.0,0.6666666666666666
AUS,1906,10,3.0,0.3
AUS,1920,29,7.0,0.2413793103448276
AUS,1924,60,10.0,0.1666666666666666
AUS,1928,29,4.0,0.1379310344827586
AUS,1932,20,5.0,0.25
AUS,1936,39,1.0,0.0256410256410256
AUS,1948,103,16.0,0.1553398058252427
AUS,1952,140,20.0,0.1428571428571428
AUS,1956,412,67.0,0.1626213592233009
AUS,1960,280,46.0,0.1642857142857142
AUS,1964,392,44.0,0.1122448979591836
AUS,1968,224,51.0,0.2276785714285714
AUS,1972,266,20.0,0.075187969924812
AUS,1976,274,23.0,0.083941605839416
AUS,1980,190,13.0,0.0684210526315789
AUS,1984,337,52.0,0.1543026706231454
AUS,1988,339,35.0,0.103244837758112
AUS,1992,390,57.0,0.1461538461538461
AUS,1996,550,132.0,0.24
AUS,2000,788,183.0,0.232233502538071
AUS,2004,601,157.0,0.2612312811980033
AUS,2008,570,149.0,0.2614035087719298
AUS,2012,514,114.0,0.2217898832684824
AUS,2016,518,82.0,0.1583011583011583
AUS,2020,638,131.0,0.2053291536050156
AUS,2024,475,93.0,0.1957894736842105
AUT,1896,8,5.0,0.625
AUT,1900,26,6.0,0.2307692307692307
AUT,1904,7,4.0,0.5714285714285714
AUT,1906,100,9.0,0.09
AUT,1908,13,1.0,0.0769230769230769
AUT,1912,132,14.0,0.106060606060606
AUT,1924,56,4.0,0.0714285714285714
AUT,1928,113,5.0,0.0442477876106194
AUT,1932,33,5.0,0.1515151515151515
AUT,1936,363,55.0,0.1515151515151515
AUT,1948,239,8.0,0.0334728033472803
AUT,1952,238,3.0,0.0126050420168067
AUT,1956,57,4.0,0.0701754385964912
AUT,1960,198,3.0,0.0151515151515151
AUT,1964,82,0.0,0.0
AUT,1968,59,5.0,0.0847457627118644
AUT,1972,143,3.0,0.0209790209790209
AUT,1976,73,1.0,0.0136986301369863
AUT,1980,92,5.0,0.0543478260869565
AUT,1984,130,3.0,0.023076923076923
AUT,1988,96,1.0,0.0104166666666666
AUT,1992,127,6.0,0.0472440944881889
AUT,1996,92,3.0,0.0326086956521739
AUT,2000,114,4.0,0.0350877192982456
AUT,2004,92,8.0,0.0869565217391304
AUT,2008,93,3.0,0.032258064516129
AUT,2012,90,0.0,0.0
AUT,2016,85,2.0,0.0235294117647058
AUT,2020,103,7.0,0.0679611650485436
AUT,2024,84,6.0,0.0714285714285714
AZE,1996,24,1.0,0.0416666666666666
AZE,2000,32,3.0,0.09375
AZE,2004,37,5.0,0.1351351351351351
AZE,2008,44,7.0,0.1590909090909091
AZE,2012,59,10.0,0.1694915254237288
AZE,2016,69,18.0,0.2608695652173913
AZE,2020,55,7.0,0.1272727272727272
AZE,2024,48,7.0,0.1458333333333333
BAH,1952,7,0.0,0.0
BAH,1956,5,2.0,0.4
BAH,1960,14,0.0,0.0
BAH,1964,12,2.0,0.1666666666666666
BAH,1968,22,0.0,0.0
BAH,1972,25,0.0,0.0
BAH,1976,19,0.0,0.0
BAH,1984,31,0.0,0.0
BAH,1988,18,0.0,0.0
BAH,1992,18,1.0,0.0555555555555555
BAH,1996,36,5.0,0.1388888888888889
BAH,2000,39,11.0,0.282051282051282
BAH,2004,28,2.0,0.0714285714285714
BAH,2008,33,7.0,0.2121212121212121
BAH,2012,29,4.0,0.1379310344827586
BAH,2016,38,6.0,0.1578947368421052
BAH,2020,22,2.0,0.0909090909090909
BAH,2024,19,0.0,0.0
BAN,1984,2,0.0,0.0
BAN,1988,11,0.0,0.0
BAN,1992,9,0.0,0.0
BAN,1996,4,0.0,0.0
BAN,2000,6,0.0,0.0
BAN,2004,4,0.0,0.0
BAN,2008,5,0.0,0.0
BAN,2012,7,0.0,0.0
BAN,2016,7,0.0,0.0
BAN,2020,8,0.0,0.0
BAN,2024,5,0.0,0.0
BAR,1968,13,0.0,0.0
BAR,1972,20,0.0,0.0
BAR,1976,17,0.0,0.0
BAR,1984,25,0.0,0.0
BAR,1988,26,0.0,0.0
BAR,1992,22,0.0,0.0
BAR,1996,22,0.0,0.0
BAR,2000,28,1.0,0.0357142857142857
BAR,2004,15,0.0,0.0
BAR,2008,10,0.0,0.0
BAR,2012,8,0.0,0.0
BAR,2016,13,0.0,0.0
BAR,2020,9,0.0,0.0
BAR,2024,4,0.0,0.0
BDI,1996,7,1.0,0.1428571428571428
BDI,2000,6,0.0,0.0
BDI,2004,7,0.0,0.0
BDI,2008,3,0.0,0.0
BDI,2012,6,0.0,0.0
BDI,2016,10,1.0,0.1
BDI,2020,7,0.0,0.0
BDI,2024,7,0.0,0.0
BEL,1900,100,43.0,0.43
BEL,1906,31,11.0,0.3548387096774194
BEL,1908,99,33.0,0.3333333333333333
BEL,1912,72,19.0,0.2638888888888889
BEL,1920,518,188.0,0.3629343629343629
BEL,1924,234,39.0,0.1666666666666666
BEL,1928,260,5.0,0.0192307692307692
BEL,1932,69,1.0,0.0144927536231884
BEL,1936,205,14.0,0.0682926829268292
BEL,1948,182,15.0,0.0824175824175824
BEL,1952,184,8.0,0.0434782608695652
BEL,1956,82,2.0,0.024390243902439
BEL,1960,150,4.0,0.0266666666666666
BEL,1964,74,3.0,0.0405405405405405
BEL,1968,106,3.0,0.0283018867924528
BEL,1972,106,2.0,0.0188679245283018
BEL,1976,149,9.0,0.0604026845637583
BEL,1980,84,1.0,0.0119047619047619
BEL,1984,86,5.0,0.0581395348837209
BEL,1988,85,2.0,0.0235294117647058
BEL,1992,103,3.0,0.029126213592233
BEL,1996,81,6.0,0.074074074074074
BEL,2000,94,7.0,0.0744680851063829
BEL,2004,70,3.0,0.0428571428571428
BEL,2008,112,5.0,0.0446428571428571
BEL,2012,142,3.0,0.0211267605633802
BEL,2016,138,21.0,0.1521739130434782
BEL,2020,185,27.0,0.1459459459459459
BEL,2024,177,8.0,0.0451977401129943
BEN,1972,3,0.0,0.0
BEN,1980,17,0.0,0.0
BEN,1984,3,0.0,0.0
BEN,1988,10,0.0,0.0
BEN,1992,7,0.0,0.0
BEN,1996,7,0.0,0.0
BEN,2000,4,0.0,0.0
BEN,2004,4,0.0,0.0
BEN,2008,5,0.0,0.0
BEN,2012,5,0.0,0.0
BEN,2016,6,0.0,0.0
BEN,2020,7,0.0,0.0
BEN,2024,5,0.0,0.0
BER,1936,9,0.0,0.0
BER,1948,28,0.0,0.0
BER,1952,12,0.0,0.0
BER,1956,3,0.0,0.0
BER,1960,9,0.0,0.0
BER,1964,4,0.0,0.0
BER,1968,6,0.0,0.0
BER,1972,9,0.0,0.0
BER,1976,20,1.0,0.05
BER,1984,13,0.0,0.0
BER,1988,14,0.0,0.0
BER,1992,29,0.0,0.0
BER,1996,10,0.0,0.0
BER,2000,7,0.0,0.0
BER,2004,10,0.0,0.0
BER,2008,6,0.0,0.0
BER,2012,8,0.0,0.0
BER,2016,8,0.0,0.0
BER,2020,2,1.0,0.5
BER,2024,8,0.0,0.0
BHU,1984,6,0.0,0.0
BHU,1988,6,0.0,0.0
BHU,1992,12,0.0,0.0
BHU,1996,2,0.0,0.0
BHU,2000,2,0.0,0.0
BHU,2004,2,0.0,0.0
BHU,2008,2,0.0,0.0
BHU,2012,2,0.0,0.0
BHU,2016,2,0.0,0.0
BHU,2020,4,0.0,0.0
BHU,2024,3,0.0,0.0
BIH,1992,13,0.0,0.0
BIH,1996,12,0.0,0.0
BIH,2000,11,0.0,0.0
BIH,2004,11,0.0,0.0
BIH,2008,7,0.0,0.0
BIH,2012,8,0.0,0.0
BIH,2016,11,0.0,0.0
BIH,2020,8,0.0,0.0
BIH,2024,5,0.0,0.0
BIZ,1968,7,0.0,0.0
BIZ,1972,2,0.0,0.0
BIZ,1976,4,0.0,0.0
BIZ,1984,13,0.0,0.0
BIZ,1988,13,0.0,0.0
BIZ,1992,18,0.0,0.0
BIZ,1996,5,0.0,0.0
BIZ,2000,2,0.0,0.0
BIZ,2004,2,0.0,0.0
BIZ,2008,4,0.0,0.0
BIZ,2012,3,0.0,0.0
BIZ,2016,3,0.0,0.0
BIZ,2020,4,0.0,0.0
BIZ,2024,1,0.0,0.0
BLR,1996,259,23.0,0.0888030888030888
BLR,2000,231,22.0,0.0952380952380952
BLR,2004,192,15.0,0.078125
BLR,2008,237,29.0,0.1223628691983122
BLR,2012,185,23.0,0.1243243243243243
BLR,2016,142,12.0,0.0845070422535211
BLR,2020,137,10.0,0.072992700729927
CZE,1900,9,3.0,0.3333333333333333
CZE,1906,29,3.0,0.1034482758620689
CZE,1908,41,6.0,0.1463414634146341
CZE,1912,74,0.0,0.0
BOL,1936,2,0.0,0.0
BOL,1964,1,0.0,0.0
BOL,1968,4,0.0,0.0
BOL,1972,14,0.0,0.0
BOL,1976,5,0.0,0.0
BOL,1984,13,0.0,0.0
BOL,1988,12,0.0,0.0
BOL,1992,21,0.0,0.0
BOL,1996,9,0.0,0.0
BOL,2000,5,0.0,0.0
BOL,2004,11,0.0,0.0
BOL,2008,7,0.0,0.0
BOL,2012,5,0.0,0.0
BOL,2016,12,0.0,0.0
BOL,2020,5,0.0,0.0
BOL,2024,4,0.0,0.0
BOT,1980,8,0.0,0.0
BOT,1984,8,0.0,0.0
BOT,1988,11,0.0,0.0
BOT,1992,6,0.0,0.0
BOT,1996,7,0.0,0.0
BOT,2000,9,0.0,0.0
BOT,2004,12,0.0,0.0
BOT,2008,11,0.0,0.0
BOT,2012,4,1.0,0.25
BOT,2016,14,0.0,0.0
BOT,2020,16,6.0,0.375
BOT,2024,14,6.0,0.4285714285714285
BRA,1900,3,0.0,0.0
BRA,1920,38,7.0,0.1842105263157894
BRA,1924,18,0.0,0.0
BRA,1932,67,0.0,0.0
BRA,1936,94,0.0,0.0
BRA,1948,105,10.0,0.0952380952380952
BRA,1952,119,3.0,0.0252100840336134
BRA,1956,63,1.0,0.0158730158730158
BRA,1960,86,13.0,0.1511627906976744
BRA,1964,65,12.0,0.1846153846153846
BRA,1968,89,4.0,0.0449438202247191
BRA,1972,104,2.0,0.0192307692307692
BRA,1976,89,3.0,0.0337078651685393
BRA,1980,149,9.0,0.0604026845637583
BRA,1984,197,36.0,0.182741116751269
BRA,1988,233,23.0,0.0987124463519313
BRA,1992,233,14.0,0.0600858369098712
BRA,1996,251,63.0,0.250996015936255
BRA,2000,236,48.0,0.2033898305084746
BRA,2004,318,40.0,0.1257861635220125
BRA,2008,338,78.0,0.2307692307692307
BRA,2012,306,59.0,0.1928104575163398
BRA,2016,583,50.0,0.0857632933104631
BRA,2020,416,55.0,0.1322115384615384
BRA,2024,290,61.0,0.2103448275862069
BRN,1984,14,0.0,0.0
BRN,1988,16,0.0,0.0
BRN,1992,15,0.0,0.0
BRN,1996,5,0.0,0.0
BRN,2000,4,0.0,0.0
BRN,2004,10,0.0,0.0
BRN,2008,15,0.0,0.0
BRN,2012,14,1.0,0.0714285714285714
BRN,2016,33,2.0,0.0606060606060606
BRN,2020,33,1.0,0.0303030303030303
BRN,2024,14,4.0,0.2857142857142857
BRU,1996,1,0.0,0.0
BRU,2000,2,0.0,0.0
BRU,2004,1,0.0,0.0
BRU,2012,3,0.0,0.0
BRU,2016,3,0.0,0.0
BRU,2020,2,0.0,0.0
BRU,2024,3,0.0,0.0
BUL,1924,31,0.0,0.0
BUL,1928,10,0.0,0.0
BUL,1932,2,0.0,0.0
BUL,1936,85,0.0,0.0
BUL,1952,179,1.0,0.0055865921787709
BUL,1956,82,18.0,0.2195121951219512
BUL,1960,183,7.0,0.0382513661202185
BUL,1964,116,10.0,0.0862068965517241
BUL,1968,189,26.0,0.1375661375661375
BUL,1972,226,22.0,0.0973451327433628
BUL,1976,254,39.0,0.1535433070866141
BUL,1980,397,90.0,0.2267002518891687
BUL,1988,281,41.0,0.1459074733096085
BUL,1992,236,17.0,0.0720338983050847
BUL,1996,181,21.0,0.1160220994475138
BUL,2000,150,13.0,0.0866666666666666
BUL,2004,119,17.0,0.1428571428571428
BUL,2008,87,5.0,0.057471264367816
BUL,2012,75,2.0,0.0266666666666666
BUL,2016,58,7.0,0.1206896551724138
BUL,2020,56,10.0,0.1785714285714285
BUL,2024,46,7.0,0.1521739130434782
BUR,1972,1,0.0,0.0
BUR,1988,9,0.0,0.0
BUR,1992,4,0.0,0.0
BUR,1996,5,0.0,0.0
BUR,2000,4,0.0,0.0
BUR,2004,5,0.0,0.0
BUR,2008,6,0.0,0.0
BUR,2012,5,0.0,0.0
BUR,2016,5,0.0,0.0
BUR,2020,8,1.0,0.125
BUR,2024,8,0.0,0.0
CAF,1968,1,0.0,0.0
CAF,1984,3,0.0,0.0
CAF,1988,15,0.0,0.0
CAF,1992,21,0.0,0.0
CAF,1996,5,0.0,0.0
CAF,2000,3,0.0,0.0
CAF,2004,4,0.0,0.0
CAF,2008,3,0.0,0.0
CAF,2012,6,0.0,0.0
CAF,2016,6,0.0,0.0
CAF,2020,2,0.0,0.0
CAF,2024,4,0.0,0.0
CAM,1956,2,0.0,0.0
CAM,1964,15,0.0,0.0
CAM,1972,17,0.0,0.0
CAM,1996,5,0.0,0.0
CAM,2000,4,0.0,0.0
CAM,2004,4,0.0,0.0
CAM,2008,4,0.0,0.0
CAM,2012,6,0.0,0.0
CAM,2016,6,0.0,0.0
CAM,2020,3,0.0,0.0
CAM,2024,3,0.0,0.0
CAN,1900,7,2.0,0.2857142857142857
CAN,1904,61,48.0,0.7868852459016393
CAN,1906,4,2.0,0.5
CAN,1908,148,52.0,0.3513513513513513
CAN,1912,60,8.0,0.1333333333333333
CAN,1920,85,16.0,0.188235294117647
CAN,1924,83,20.0,0.2409638554216867
CAN,1928,113,33.0,0.2920353982300885
CAN,1932,191,39.0,0.2041884816753926
CAN,1936,167,22.0,0.1317365269461078
CAN,1948,188,7.0,0.0372340425531914
CAN,1952,154,4.0,0.0259740259740259
CAN,1956,150,19.0,0.1266666666666666
CAN,1960,140,9.0,0.0642857142857142
CAN,1964,194,5.0,0.0257731958762886
CAN,1968,291,10.0,0.0343642611683848
CAN,1972,344,11.0,0.0319767441860465
CAN,1976,531,23.0,0.0433145009416195
CAN,1984,572,87.0,0.1520979020979021
CAN,1988,503,23.0,0.0457256461232604
CAN,1992,445,44.0,0.098876404494382
CAN,1996,408,50.0,0.1225490196078431
CAN,2000,422,31.0,0.0734597156398104
CAN,2004,391,17.0,0.0434782608695652
CAN,2008,449,35.0,0.0779510022271715
CAN,2012,354,55.0,0.1553672316384181
CAN,2016,405,69.0,0.1703703703703703
CAN,2020,509,85.0,0.1669941060903732
CAN,2024,332,52.0,0.1566265060240964
CAY,1976,2,0.0,0.0
CAY,1984,14,0.0,0.0
CAY,1988,12,0.0,0.0
CAY,1992,13,0.0,0.0
CAY,1996,9,0.0,0.0
CAY,2000,4,0.0,0.0
CAY,2004,8,0.0,0.0
CAY,2008,6,0.0,0.0
CAY,2012,7,0.0,0.0
CAY,2016,5,0.0,0.0
CAY,2020,9,0.0,0.0
CAY,2024,4,0.0,0.0
CGO,1964,2,0.0,0.0
CGO,1972,8,0.0,0.0
CGO,1980,25,0.0,0.0
CGO,1984,13,0.0,0.0
CGO,1988,10,0.0,0.0
CGO,1992,10,0.0,0.0
CGO,1996,5,0.0,0.0
CGO,2000,5,0.0,0.0
CGO,2004,5,0.0,0.0
CGO,2008,5,0.0,0.0
CGO,2012,7,0.0,0.0
CGO,2016,10,0.0,0.0
CGO,2020,3,0.0,0.0
CGO,2024,4,0.0,0.0
CHA,1964,2,0.0,0.0
CHA,1968,4,0.0,0.0
CHA,1972,5,0.0,0.0
CHA,1984,3,0.0,0.0
CHA,1988,6,0.0,0.0
CHA,1992,7,0.0,0.0
CHA,1996,4,0.0,0.0
CHA,2000,3,0.0,0.0
CHA,2004,1,0.0,0.0
CHA,2008,2,0.0,0.0
CHA,2012,2,0.0,0.0
CHA,2016,2,0.0,0.0
CHA,2020,3,0.0,0.0
CHA,2024,3,0.0,0.0
CHI,1912,28,0.0,0.0
CHI,1920,2,0.0,0.0
CHI,1924,18,0.0,0.0
CHI,1928,46,1.0,0.0217391304347826
CHI,1936,56,0.0,0.0
CHI,1948,72,0.0,0.0
CHI,1952,82,4.0,0.048780487804878
CHI,1956,43,4.0,0.0930232558139534
CHI,1960,9,0.0,0.0
CHI,1964,16,0.0,0.0
CHI,1968,25,0.0,0.0
CHI,1972,13,0.0,0.0
CHI,1976,9,0.0,0.0
CHI,1984,64,0.0,0.0
CHI,1988,23,1.0,0.0434782608695652
CHI,1992,15,0.0,0.0
CHI,1996,24,0.0,0.0
CHI,2000,58,17.0,0.293103448275862
CHI,2004,29,4.0,0.1379310344827586
CHI,2008,29,1.0,0.0344827586206896
CHI,2012,44,0.0,0.0
CHI,2016,47,0.0,0.0
CHI,2020,63,0.0,0.0
CHI,2024,48,2.0,0.0416666666666666
CHN,1932,2,0.0,0.0
CHN,1936,65,0.0,0.0
CHN,1948,33,0.0,0.0
CHN,1952,1,0.0,0.0
CHN,1984,323,74.0,0.2291021671826625
CHN,1988,427,52.0,0.1217798594847775
CHN,1992,394,82.0,0.2081218274111675
CHN,1996,438,106.0,0.2420091324200913
CHN,2000,414,79.0,0.1908212560386473
CHN,2004,518,94.0,0.1814671814671814
CHN,2008,730,184.0,0.2520547945205479
CHN,2012,479,125.0,0.2609603340292276
CHN,2016,499,113.0,0.2264529058116232
CHN,2020,574,141.0,0.2456445993031359
CHN,2024,398,131.0,0.329145728643216
CIV,1964,10,0.0,0.0
CIV,1968,11,0.0,0.0
CIV,1972,13,0.0,0.0
CIV,1976,11,0.0,0.0
CIV,1984,18,1.0,0.0555555555555555
CIV,1988,29,0.0,0.0
CIV,1992,18,0.0,0.0
CIV,1996,13,0.0,0.0
CIV,2000,18,0.0,0.0
CIV,2004,5,0.0,0.0
CIV,2008,22,0.0,0.0
CIV,2012,10,0.0,0.0
CIV,2016,15,2.0,0.1333333333333333
CIV,2020,32,1.0,0.03125
CIV,2024,13,1.0,0.0769230769230769
CMR,1964,2,0.0,0.0
CMR,1968,5,1.0,0.2
CMR,1972,18,0.0,0.0
CMR,1976,4,0.0,0.0
CMR,1980,29,0.0,0.0
CMR,1984,56,1.0,0.0178571428571428
CMR,1988,21,0.0,0.0
CMR,1992,12,0.0,0.0
CMR,1996,19,0.0,0.0
CMR,2000,39,18.0,0.4615384615384615
CMR,2004,19,1.0,0.0526315789473684
CMR,2008,32,1.0,0.03125
CMR,2012,32,0.0,0.0
CMR,2016,22,0.0,0.0
CMR,2020,12,0.0,0.0
CMR,2024,6,0.0,0.0
COD,1968,8,0.0,0.0
COD,1984,9,0.0,0.0
COD,1988,21,0.0,0.0
COD,1992,19,0.0,0.0
COD,1996,14,0.0,0.0
COD,2000,3,0.0,0.0
COD,2004,6,0.0,0.0
COD,2008,5,0.0,0.0
COD,2012,4,0.0,0.0
COD,2016,4,0.0,0.0
COD,2020,7,0.0,0.0
COD,2024,6,0.0,0.0
COK,1988,8,0.0,0.0
COK,1992,2,0.0,0.0
COK,1996,3,0.0,0.0
COK,2000,2,0.0,0.0
COK,2004,3,0.0,0.0
COK,2008,4,0.0,0.0
COK,2012,9,0.0,0.0
COK,2016,9,0.0,0.0
COK,2020,9,0.0,0.0
COK,2024,2,0.0,0.0
COL,1900,1,1.0,1.0
COL,1932,2,0.0,0.0
COL,1936,6,0.0,0.0
COL,1948,11,0.0,0.0
COL,1956,47,0.0,0.0
COL,1960,23,0.0,0.0
COL,1964,40,0.0,0.0
COL,1968,70,0.0,0.0
COL,1972,75,3.0,0.04
COL,1976,44,0.0,0.0
COL,1980,28,0.0,0.0
COL,1984,48,1.0,0.0208333333333333
COL,1988,57,1.0,0.0175438596491228
COL,1992,61,1.0,0.0163934426229508
COL,1996,62,0.0,0.0
COL,2000,54,1.0,0.0185185185185185
COL,2004,71,2.0,0.028169014084507
COL,2008,90,2.0,0.0222222222222222
COL,2012,120,8.0,0.0666666666666666
COL,2016,157,8.0,0.0509554140127388
COL,2020,77,5.0,0.0649350649350649
COL,2024,88,4.0,0.0454545454545454
COM,1996,4,0.0,0.0
COM,2000,2,0.0,0.0
COM,2004,3,0.0,0.0
COM,2008,3,0.0,0.0
COM,2012,3,0.0,0.0
COM,2016,4,0.0,0.0
COM,2020,3,0.0,0.0
COM,2024,4,0.0,0.0
CPV,1996,3,0.0,0.0
CPV,2000,2,0.0,0.0
CPV,2004,3,0.0,0.0
CPV,2008,2,0.0,0.0
CPV,2012,3,0.0,0.0
CPV,2016,5,0.0,0.0
CPV,2020,6,0.0,0.0
CPV,2024,7,1.0,0.1428571428571428
CRC,1936,1,0.0,0.0
CRC,1964,2,0.0,0.0
CRC,1968,27,0.0,0.0
CRC,1972,4,0.0,0.0
CRC,1976,10,0.0,0.0
CRC,1980,37,0.0,0.0
CRC,1984,32,0.0,0.0
CRC,1988,33,1.0,0.0303030303030303
CRC,1992,20,0.0,0.0
CRC,1996,13,1.0,0.0769230769230769
CRC,2000,9,2.0,0.2222222222222222
CRC,2004,21,0.0,0.0
CRC,2008,8,0.0,0.0
CRC,2012,11,0.0,0.0
CRC,2016,12,0.0,0.0
CRC,2020,18,0.0,0.0
CRC,2024,6,0.0,0.0
CRO,1992,46,15.0,0.3260869565217391
CRO,1996,117,28.0,0.2393162393162393
CRO,2000,108,10.0,0.0925925925925925
CRO,2004,100,21.0,0.21
CRO,2008,125,5.0,0.04
CRO,2012,118,35.0,0.2966101694915254
CRO,2016,93,24.0,0.2580645161290322
CRO,2020,74,11.0,0.1486486486486486
CRO,2024,73,20.0,0.273972602739726
GRE,1906,11,0.0,0.0
CUB,1900,2,2.0,1.0
CUB,1904,6,5.0,0.8333333333333334
CUB,1924,13,0.0,0.0
CUB,1928,1,0.0,0.0
CUB,1932,3,0.0,0.0
CUB,1948,112,2.0,0.0178571428571428
CUB,1952,57,0.0,0.0
CUB,1956,24,0.0,0.0
CUB,1960,21,0.0,0.0
CUB,1964,76,1.0,0.0131578947368421
CUB,1968,227,10.0,0.0440528634361233
CUB,1972,201,22.0,0.1094527363184079
CUB,1976,194,24.0,0.1237113402061855
CUB,1980,288,20.0,0.0694444444444444
CUB,1992,196,69.0,0.3520408163265306
CUB,1996,178,55.0,0.3089887640449438
CUB,2000,271,65.0,0.2398523985239852
CUB,2004,177,62.0,0.3502824858757062
CUB,2008,171,47.0,0.2748538011695906
CUB,2012,118,14.0,0.1186440677966101
CUB,2016,143,11.0,0.0769230769230769
CUB,2020,82,16.0,0.1951219512195122
CUB,2024,61,9.0,0.1475409836065573
CYP,1980,15,0.0,0.0
CYP,1984,12,0.0,0.0
CYP,1988,11,0.0,0.0
CYP,1992,19,0.0,0.0
CYP,1996,24,0.0,0.0
CYP,2000,24,0.0,0.0
CYP,2004,21,0.0,0.0
CYP,2008,18,0.0,0.0
CYP,2012,13,1.0,0.0769230769230769
CYP,2016,21,0.0,0.0
CYP,2020,23,0.0,0.0
CYP,2024,15,1.0,0.0666666666666666
CZE,1996,169,13.0,0.0769230769230769
CZE,2000,162,9.0,0.0555555555555555
CZE,2004,171,13.0,0.0760233918128654
CZE,2008,158,7.0,0.0443037974683544
CZE,2012,159,14.0,0.0880503144654088
CZE,2016,135,15.0,0.1111111111111111
CZE,2020,151,13.0,0.086092715231788
CZE,2024,111,9.0,0.081081081081081
DEN,1896,15,6.0,0.4
DEN,1900,36,9.0,0.25
DEN,1906,68,34.0,0.5
DEN,1908,107,17.0,0.1588785046728972
DEN,1912,233,87.0,0.3733905579399141
DEN,1920,246,71.0,0.2886178861788618
DEN,1924,158,14.0,0.0886075949367088
DEN,1928,122,15.0,0.1229508196721311
DEN,1932,94,11.0,0.1170212765957446
DEN,1936,173,6.0,0.0346820809248554
DEN,1948,253,51.0,0.2015810276679842
DEN,1952,201,9.0,0.044776119402985
DEN,1956,51,6.0,0.1176470588235294
DEN,1960,109,23.0,0.2110091743119266
DEN,1964,71,12.0,0.1690140845070422
DEN,1968,93,17.0,0.1827956989247312
DEN,1972,155,1.0,0.0064516129032258
DEN,1976,81,8.0,0.0987654320987654
DEN,1980,60,8.0,0.1333333333333333
DEN,1984,74,13.0,0.1756756756756756
DEN,1988,130,7.0,0.0538461538461538
DEN,1992,144,14.0,0.0972222222222222
DEN,1996,145,23.0,0.1586206896551724
DEN,2000,124,25.0,0.2016129032258064
DEN,2004,115,29.0,0.2521739130434782
DEN,2008,108,19.0,0.1759259259259259
DEN,2012,149,16.0,0.1073825503355704
DEN,2016,143,41.0,0.2867132867132867
DEN,2020,138,33.0,0.2391304347826087
DEN,2024,131,41.0,0.3129770992366412
DJI,1984,3,0.0,0.0
DJI,1988,6,1.0,0.1666666666666666
DJI,1992,8,0.0,0.0
DJI,1996,5,0.0,0.0
DJI,2000,2,0.0,0.0
DJI,2008,2,0.0,0.0
DJI,2012,4,0.0,0.0
DJI,2016,8,0.0,0.0
DJI,2020,5,0.0,0.0
DJI,2024,7,0.0,0.0
DMA,1996,6,0.0,0.0
DMA,2000,4,0.0,0.0
DMA,2004,2,0.0,0.0
DMA,2008,2,0.0,0.0
DMA,2012,2,0.0,0.0
DMA,2016,2,0.0,0.0
DMA,2020,2,0.0,0.0
DMA,2024,4,1.0,0.25
DOM,1964,1,0.0,0.0
DOM,1968,24,0.0,0.0
DOM,1972,5,0.0,0.0
DOM,1976,11,0.0,0.0
DOM,1980,7,0.0,0.0
DOM,1984,24,1.0,0.0416666666666666
DOM,1988,18,0.0,0.0
DOM,1992,32,0.0,0.0
DOM,1996,16,0.0,0.0
DOM,2000,13,0.0,0.0
DOM,2004,33,1.0,0.0303030303030303
DOM,2008,27,2.0,0.074074074074074
DOM,2012,36,2.0,0.0555555555555555
DOM,2016,30,1.0,0.0333333333333333
DOM,2020,69,32.0,0.463768115942029
DOM,2024,59,3.0,0.0508474576271186
ECU,1924,4,0.0,0.0
ECU,1968,41,0.0,0.0
ECU,1972,4,0.0,0.0
ECU,1976,8,0.0,0.0
ECU,1980,16,0.0,0.0
ECU,1984,15,0.0,0.0
ECU,1988,15,0.0,0.0
ECU,1992,15,0.0,0.0
ECU,1996,28,1.0,0.0357142857142857
ECU,2000,11,0.0,0.0
ECU,2004,18,0.0,0.0
ECU,2008,26,1.0,0.0384615384615384
ECU,2012,36,0.0,0.0
ECU,2016,40,0.0,0.0
ECU,2020,52,3.0,0.0576923076923076
ECU,2024,40,5.0,0.125
EGY,1906,5,0.0,0.0
EGY,1920,22,0.0,0.0
EGY,1924,30,0.0,0.0
EGY,1928,43,4.0,0.0930232558139534
EGY,1936,66,5.0,0.0757575757575757
EGY,1948,166,5.0,0.0301204819277108
EGY,1952,196,1.0,0.0051020408163265
EGY,1956,6,0.0,0.0
EGY,1964,83,0.0,0.0
EGY,1968,35,0.0,0.0
EGY,1972,26,0.0,0.0
EGY,1976,26,0.0,0.0
EGY,1984,148,1.0,0.0067567567567567
EGY,1988,59,0.0,0.0
EGY,1992,83,0.0,0.0
EGY,1996,33,0.0,0.0
EGY,2000,103,0.0,0.0
EGY,2004,104,5.0,0.048076923076923
EGY,2008,116,1.0,0.0086206896551724
EGY,2012,132,2.0,0.0151515151515151
EGY,2016,137,3.0,0.0218978102189781
EGY,2020,195,6.0,0.0307692307692307
EGY,2024,157,3.0,0.019108280254777
EOR,2020,35,0.0,0.0
EOR,2024,37,1.0,0.027027027027027
ERI,2000,3,0.0,0.0
ERI,2004,5,1.0,0.2
ERI,2008,11,0.0,0.0
ERI,2012,12,0.0,0.0
ERI,2016,12,0.0,0.0
ERI,2020,14,0.0,0.0
ERI,2024,11,0.0,0.0
ESA,1932,4,0.0,0.0
ESA,1968,104,0.0,0.0
ESA,1972,18,0.0,0.0
ESA,1984,15,0.0,0.0
ESA,1988,7,0.0,0.0
ESA,1992,6,0.0,0.0
ESA,1996,10,0.0,0.0
ESA,2000,10,0.0,0.0
ESA,2004,9,0.0,0.0
ESA,2008,14,0.0,0.0
ESA,2012,11,0.0,0.0
ESA,2016,10,0.0,0.0
ESA,2020,7,0.0,0.0
ESA,2024,8,0.0,0.0
ESP,1900,12,2.0,0.1666666666666666
ESP,1920,111,23.0,0.2072072072072072
ESP,1924,151,0.0,0.0
ESP,1928,106,3.0,0.0283018867924528
ESP,1932,8,1.0,0.125
ESP,1948,84,3.0,0.0357142857142857
ESP,1952,42,1.0,0.0238095238095238
ESP,1956,12,0.0,0.0
ESP,1960,238,14.0,0.0588235294117647
ESP,1964,67,0.0,0.0
ESP,1968,137,0.0,0.0
ESP,1972,162,1.0,0.0061728395061728
ESP,1976,160,6.0,0.0375
ESP,1980,211,24.0,0.1137440758293838
ESP,1984,257,19.0,0.0739299610894941
ESP,1988,317,5.0,0.0157728706624605
ESP,1992,537,69.0,0.1284916201117318
ESP,1996,384,66.0,0.171875
ESP,2000,431,42.0,0.0974477958236658
ESP,2004,423,30.0,0.0709219858156028
ESP,2008,355,70.0,0.1971830985915492
ESP,2012,339,63.0,0.1858407079646017
ESP,2016,363,45.0,0.1239669421487603
ESP,2020,429,70.0,0.1631701631701631
ESP,2024,401,81.0,0.2019950124688279
EST,1920,20,3.0,0.15
EST,1924,47,6.0,0.1276595744680851
EST,1928,23,9.0,0.391304347826087
EST,1932,3,0.0,0.0
EST,1936,36,7.0,0.1944444444444444
EST,1992,46,3.0,0.0652173913043478
EST,1996,52,0.0,0.0
EST,2000,41,3.0,0.073170731707317
EST,2004,45,3.0,0.0666666666666666
EST,2008,53,3.0,0.0566037735849056
EST,2012,36,2.0,0.0555555555555555
EST,2016,49,4.0,0.0816326530612244
EST,2020,42,5.0,0.119047619047619
EST,2024,24,0.0,0.0
ETH,1956,30,0.0,0.0
ETH,1960,15,1.0,0.0666666666666666
ETH,1964,19,1.0,0.0526315789473684
ETH,1968,26,2.0,0.0769230769230769
ETH,1972,40,2.0,0.05
ETH,1980,48,4.0,0.0833333333333333
ETH,1992,24,3.0,0.125
ETH,1996,19,3.0,0.1578947368421052
ETH,2000,27,8.0,0.2962962962962963
ETH,2004,27,7.0,0.2592592592592592
ETH,2008,29,7.0,0.2413793103448276
ETH,2012,34,7.0,0.2058823529411764
ETH,2016,38,8.0,0.2105263157894736
ETH,2020,38,4.0,0.1052631578947368
ETH,2024,33,4.0,0.1212121212121212
RUS,1992,650,220.0,0.3384615384615385
FIJ,1956,5,0.0,0.0
FIJ,1960,3,0.0,0.0
FIJ,1968,1,0.0,0.0
FIJ,1972,4,0.0,0.0
FIJ,1976,5,0.0,0.0
FIJ,1984,26,0.0,0.0
FIJ,1988,41,0.0,0.0
FIJ,1992,36,0.0,0.0
FIJ,1996,21,0.0,0.0
FIJ,2000,9,0.0,0.0
FIJ,2004,9,0.0,0.0
FIJ,2008,6,0.0,0.0
FIJ,2012,9,0.0,0.0
FIJ,2016,53,13.0,0.2452830188679245
FIJ,2020,32,26.0,0.8125
FIJ,2024,36,14.0,0.3888888888888889
FIN,1906,18,4.0,0.2222222222222222
FIN,1908,94,30.0,0.3191489361702128
FIN,1912,233,71.0,0.3047210300429184
FIN,1920,136,52.0,0.3823529411764705
FIN,1924,253,52.0,0.2055335968379446
FIN,1928,132,25.0,0.1893939393939394
FIN,1932,66,29.0,0.4393939393939394
FIN,1936,186,27.0,0.1451612903225806
FIN,1948,215,33.0,0.1534883720930232
FIN,1952,412,40.0,0.0970873786407767
FIN,1956,147,26.0,0.1768707482993197
FIN,1960,219,6.0,0.0273972602739726
FIN,1964,151,5.0,0.0331125827814569
FIN,1968,126,4.0,0.0317460317460317
FIN,1972,133,10.0,0.075187969924812
FIN,1976,108,6.0,0.0555555555555555
FIN,1980,125,9.0,0.072
FIN,1984,107,12.0,0.1121495327102803
FIN,1988,101,4.0,0.0396039603960396
FIN,1992,130,7.0,0.0538461538461538
FIN,1996,105,4.0,0.0380952380952381
FIN,2000,88,5.0,0.0568181818181818
FIN,2004,67,2.0,0.0298507462686567
FIN,2008,70,5.0,0.0714285714285714
FIN,2012,69,5.0,0.072463768115942
FIN,2016,67,1.0,0.0149253731343283
FIN,2020,49,2.0,0.0408163265306122
FIN,2024,57,0.0,0.0
FRA,1896,26,11.0,0.4230769230769231
FRA,1900,1071,235.0,0.2194211017740429
FRA,1904,2,2.0,1.0
FRA,1906,174,64.0,0.367816091954023
FRA,1908,319,40.0,0.1253918495297805
FRA,1912,232,26.0,0.1120689655172413
FRA,1920,452,141.0,0.3119469026548672
FRA,1924,636,110.0,0.1729559748427672
FRA,1928,422,50.0,0.1184834123222748
FRA,1932,159,40.0,0.2515723270440251
FRA,1936,303,44.0,0.1452145214521452
FRA,1948,433,72.0,0.1662817551963048
FRA,1952,408,40.0,0.0980392156862745
FRA,1956,227,33.0,0.145374449339207
FRA,1960,363,12.0,0.0330578512396694
FRA,1964,214,31.0,0.1448598130841121
FRA,1968,311,27.0,0.0868167202572347
FRA,1972,356,22.0,0.0617977528089887
FRA,1976,302,20.0,0.0662251655629139
FRA,1980,200,29.0,0.145
FRA,1984,354,67.0,0.1892655367231638
FRA,1988,413,29.0,0.0702179176755447
FRA,1992,486,57.0,0.1172839506172839
FRA,1996,453,51.0,0.1125827814569536
FRA,2000,470,66.0,0.1404255319148936
FRA,2004,461,53.0,0.1149674620390455
FRA,2008,448,77.0,0.171875
FRA,2012,426,82.0,0.1924882629107981
FRA,2016,512,96.0,0.1875
FRA,2020,538,141.0,0.2620817843866171
FRA,2024,601,171.0,0.2845257903494176
GER,1968,432,51.0,0.1180555555555555
GER,1972,587,102.0,0.1737649063032368
GER,1976,452,78.0,0.1725663716814159
GER,1984,571,158.0,0.276707530647986
GER,1988,516,115.0,0.2228682170542635
FSM,2000,5,0.0,0.0
FSM,2004,5,0.0,0.0
FSM,2008,5,0.0,0.0
FSM,2012,6,0.0,0.0
FSM,2016,5,0.0,0.0
FSM,2020,3,0.0,0.0
FSM,2024,3,0.0,0.0
GAB,1972,1,0.0,0.0
GAB,1984,4,0.0,0.0
GAB,1988,2,0.0,0.0
GAB,1992,5,0.0,0.0
GAB,1996,9,0.0,0.0
GAB,2000,6,0.0,0.0
GAB,2004,5,0.0,0.0
GAB,2008,4,0.0,0.0
GAB,2012,21,1.0,0.0476190476190476
GAB,2016,6,0.0,0.0
GAB,2020,5,0.0,0.0
GAB,2024,5,0.0,0.0
GAM,1984,16,0.0,0.0
GAM,1988,6,0.0,0.0
GAM,1992,8,0.0,0.0
GAM,1996,12,0.0,0.0
GAM,2000,2,0.0,0.0
GAM,2004,3,0.0,0.0
GAM,2008,3,0.0,0.0
GAM,2012,2,0.0,0.0
GAM,2016,4,0.0,0.0
GAM,2020,5,0.0,0.0
GAM,2024,7,0.0,0.0
GBR,1896,25,9.0,0.36
GBR,1900,146,108.0,0.7397260273972602
GBR,1904,6,2.0,0.3333333333333333
GBR,1906,113,39.0,0.3451327433628318
GBR,1908,972,368.0,0.3786008230452675
GBR,1912,461,170.0,0.368763557483731
GBR,1920,345,111.0,0.3217391304347826
GBR,1924,428,64.0,0.1495327102803738
GBR,1928,354,58.0,0.1638418079096045
GBR,1932,170,35.0,0.2058823529411764
GBR,1936,250,36.0,0.144
GBR,1948,590,61.0,0.1033898305084745
GBR,1952,401,31.0,0.0773067331670823
GBR,1956,283,46.0,0.1625441696113074
GBR,1960,389,28.0,0.0719794344473007
GBR,1964,301,28.0,0.0930232558139534
GBR,1968,328,19.0,0.0579268292682926
GBR,1972,433,29.0,0.0669745958429561
GBR,1976,353,32.0,0.0906515580736544
GBR,1980,328,47.0,0.1432926829268292
GBR,1984,509,71.0,0.1394891944990176
GBR,1988,472,54.0,0.1144067796610169
GBR,1992,512,50.0,0.09765625
GBR,1996,391,26.0,0.0664961636828644
GBR,2000,415,54.0,0.1301204819277108
GBR,2004,360,57.0,0.1583333333333333
GBR,2008,420,81.0,0.1928571428571428
GBR,2012,684,126.0,0.1842105263157894
GBR,2016,478,145.0,0.303347280334728
GBR,2020,548,141.0,0.2572992700729927
GBR,2024,343,136.0,0.3965014577259475
GBS,1996,3,0.0,0.0
GBS,2000,3,0.0,0.0
GBS,2004,3,0.0,0.0
GBS,2008,3,0.0,0.0
GBS,2012,4,0.0,0.0
GBS,2016,5,0.0,0.0
GBS,2020,4,0.0,0.0
GBS,2024,6,0.0,0.0
GER,1968,346,52.0,0.1502890173410404
GER,1972,454,151.0,0.3325991189427312
GER,1976,407,195.0,0.4791154791154791
GER,1980,495,264.0,0.5333333333333333
GER,1988,402,181.0,0.4502487562189055
GEO,1996,42,2.0,0.0476190476190476
GEO,2000,47,6.0,0.1276595744680851
GEO,2004,39,4.0,0.1025641025641025
GEO,2008,38,6.0,0.1578947368421052
GEO,2012,36,7.0,0.1944444444444444
GEO,2016,45,7.0,0.1555555555555555
GEO,2020,36,8.0,0.2222222222222222
GEO,2024,28,7.0,0.25
GEQ,1984,5,0.0,0.0
GEQ,1988,7,0.0,0.0
GEQ,1992,8,0.0,0.0
GEQ,1996,8,0.0,0.0
GEQ,2000,4,0.0,0.0
GEQ,2004,2,0.0,0.0
GEQ,2008,3,0.0,0.0
GEQ,2012,2,0.0,0.0
GEQ,2016,1,0.0,0.0
GEQ,2020,3,0.0,0.0
GEQ,2024,3,0.0,0.0
GER,1896,94,32.0,0.3404255319148936
GER,1900,103,45.0,0.4368932038834951
GER,1904,55,16.0,0.2909090909090909
GER,1906,157,30.0,0.1910828025477707
GER,1908,148,21.0,0.1418918918918918
GER,1912,312,53.0,0.1698717948717948
GER,1928,399,77.0,0.1929824561403508
GER,1932,202,43.0,0.2128712871287128
GER,1936,581,224.0,0.3855421686746988
GER,1952,365,40.0,0.1095890410958904
GER,1956,261,52.0,0.1992337164750957
GER,1960,425,89.0,0.2094117647058823
GER,1964,478,116.0,0.2426778242677824
GER,1992,653,198.0,0.3032159264931087
GER,1996,626,124.0,0.1980830670926517
GER,2000,567,118.0,0.2081128747795414
GER,2004,592,149.0,0.2516891891891892
GER,2008,558,99.0,0.1774193548387097
GER,2012,510,94.0,0.1843137254901961
GER,2016,536,159.0,0.2966417910447761
GER,2020,597,81.0,0.135678391959799
GER,2024,457,101.0,0.2210065645514223
GHA,1952,9,0.0,0.0
GHA,1960,15,1.0,0.0666666666666666
GHA,1964,40,1.0,0.025
GHA,1968,36,0.0,0.0
GHA,1972,41,1.0,0.024390243902439
GHA,1984,27,0.0,0.0
GHA,1988,21,0.0,0.0
GHA,1992,41,20.0,0.4878048780487805
GHA,1996,40,0.0,0.0
GHA,2000,28,0.0,0.0
GHA,2004,29,0.0,0.0
GHA,2008,9,0.0,0.0
GHA,2012,7,0.0,0.0
GHA,2016,15,0.0,0.0
GHA,2020,16,1.0,0.0625
GHA,2024,9,0.0,0.0
GRE,1896,148,48.0,0.3243243243243243
GRE,1900,4,0.0,0.0
GRE,1904,17,2.0,0.1176470588235294
GRE,1906,484,102.0,0.2107438016528925
GRE,1908,49,4.0,0.0816326530612244
GRE,1912,77,2.0,0.0259740259740259
GRE,1920,98,5.0,0.0510204081632653
GRE,1924,79,1.0,0.0126582278481012
GRE,1928,47,0.0,0.0
GRE,1932,16,0.0,0.0
GRE,1936,64,0.0,0.0
GRE,1948,97,0.0,0.0
GRE,1952,54,0.0,0.0
GRE,1956,16,1.0,0.0625
GRE,1960,59,3.0,0.0508474576271186
GRE,1964,19,0.0,0.0
GRE,1968,44,1.0,0.0227272727272727
GRE,1972,66,2.0,0.0303030303030303
GRE,1976,40,0.0,0.0
GRE,1980,45,5.0,0.1111111111111111
GRE,1984,73,2.0,0.0273972602739726
GRE,1988,72,1.0,0.0138888888888888
GRE,1992,76,2.0,0.0263157894736842
GRE,1996,180,8.0,0.0444444444444444
GRE,2000,175,18.0,0.1028571428571428
GRE,2004,499,31.0,0.0621242484969939
GRE,2008,176,7.0,0.0397727272727272
GRE,2012,115,3.0,0.0260869565217391
GRE,2016,104,7.0,0.0673076923076923
GRE,2020,100,16.0,0.16
GRE,2024,100,10.0,0.1
GRN,1984,6,0.0,0.0
GRN,1988,7,0.0,0.0
GRN,1992,5,0.0,0.0
GRN,1996,5,0.0,0.0
GRN,2000,3,0.0,0.0
GRN,2004,5,0.0,0.0
GRN,2008,9,0.0,0.0
GRN,2012,8,1.0,0.125
GRN,2016,6,1.0,0.1666666666666666
GRN,2020,6,1.0,0.1666666666666666
GRN,2024,6,2.0,0.3333333333333333
GUA,1932,1,0.0,0.0
GUA,1952,35,0.0,0.0
GUA,1968,67,0.0,0.0
GUA,1972,11,0.0,0.0
GUA,1976,28,0.0,0.0
GUA,1980,10,0.0,0.0
GUA,1984,53,0.0,0.0
GUA,1988,37,0.0,0.0
GUA,1992,41,0.0,0.0
GUA,1996,28,0.0,0.0
GUA,2000,18,0.0,0.0
GUA,2004,19,0.0,0.0
GUA,2008,13,0.0,0.0
GUA,2012,24,1.0,0.0416666666666666
GUA,2016,25,0.0,0.0
GUA,2020,24,0.0,0.0
GUA,2024,16,2.0,0.125
GUI,1968,15,0.0,0.0
GUI,1980,10,0.0,0.0
GUI,1984,1,0.0,0.0
GUI,1988,7,0.0,0.0
GUI,1992,11,0.0,0.0
GUI,1996,5,0.0,0.0
GUI,2000,6,0.0,0.0
GUI,2004,4,0.0,0.0
GUI,2008,5,0.0,0.0
GUI,2012,4,0.0,0.0
GUI,2016,5,0.0,0.0
GUI,2020,5,0.0,0.0
GUI,2024,25,0.0,0.0
GUM,1988,26,0.0,0.0
GUM,1992,45,0.0,0.0
GUM,1996,9,0.0,0.0
GUM,2000,7,0.0,0.0
GUM,2004,4,0.0,0.0
GUM,2008,7,0.0,0.0
GUM,2012,8,0.0,0.0
GUM,2016,5,0.0,0.0
GUM,2020,5,0.0,0.0
GUM,2024,8,0.0,0.0
GUY,1948,7,0.0,0.0
GUY,1952,1,0.0,0.0
GUY,1956,6,0.0,0.0
GUY,1960,6,0.0,0.0
GUY,1964,1,0.0,0.0
GUY,1968,6,0.0,0.0
GUY,1972,4,0.0,0.0
GUY,1980,10,1.0,0.1
GUY,1984,12,0.0,0.0
GUY,1988,8,0.0,0.0
GUY,1992,7,0.0,0.0
GUY,1996,9,0.0,0.0
GUY,2000,4,0.0,0.0
GUY,2004,4,0.0,0.0
GUY,2008,4,0.0,0.0
GUY,2012,6,0.0,0.0
GUY,2016,7,0.0,0.0
GUY,2020,7,0.0,0.0
GUY,2024,5,0.0,0.0
HAI,1900,4,1.0,0.25
HAI,1924,16,5.0,0.3125
HAI,1928,3,1.0,0.3333333333333333
HAI,1932,3,0.0,0.0
HAI,1960,1,0.0,0.0
HAI,1972,7,0.0,0.0
HAI,1976,14,0.0,0.0
HAI,1984,3,0.0,0.0
HAI,1988,5,0.0,0.0
HAI,1992,8,0.0,0.0
HAI,1996,7,0.0,0.0
HAI,2000,5,0.0,0.0
HAI,2004,8,0.0,0.0
HAI,2008,7,0.0,0.0
HAI,2012,5,0.0,0.0
HAI,2016,10,0.0,0.0
HAI,2020,6,0.0,0.0
HAI,2024,7,0.0,0.0
HKG,1952,9,0.0,0.0
HKG,1956,4,0.0,0.0
HKG,1960,4,0.0,0.0
HKG,1964,50,0.0,0.0
HKG,1968,25,0.0,0.0
HKG,1972,18,0.0,0.0
HKG,1976,50,0.0,0.0
HKG,1984,87,0.0,0.0
HKG,1988,91,0.0,0.0
HKG,1992,66,0.0,0.0
HKG,1996,32,1.0,0.03125
HKG,2000,46,0.0,0.0
HKG,2004,42,2.0,0.0476190476190476
HKG,2008,47,0.0,0.0
HKG,2012,55,1.0,0.0181818181818181
HKG,2016,47,0.0,0.0
HKG,2020,65,8.0,0.123076923076923
HKG,2024,34,3.0,0.088235294117647
HON,1968,6,0.0,0.0
HON,1976,3,0.0,0.0
HON,1984,26,0.0,0.0
HON,1988,18,0.0,0.0
HON,1992,27,0.0,0.0
HON,1996,7,0.0,0.0
HON,2000,20,0.0,0.0
HON,2004,5,0.0,0.0
HON,2008,26,0.0,0.0
HON,2012,25,0.0,0.0
HON,2016,23,0.0,0.0
HON,2020,28,0.0,0.0
HON,2024,4,0.0,0.0
HUN,1896,18,6.0,0.3333333333333333
HUN,1900,34,5.0,0.1470588235294117
HUN,1904,9,4.0,0.4444444444444444
HUN,1906,99,13.0,0.1313131313131313
HUN,1908,107,20.0,0.1869158878504672
HUN,1912,207,30.0,0.144927536231884
HUN,1924,140,22.0,0.1571428571428571
HUN,1928,219,21.0,0.0958904109589041
HUN,1932,118,33.0,0.2796610169491525
HUN,1936,335,41.0,0.1223880597014925
HUN,1948,222,62.0,0.2792792792792792
HUN,1952,345,102.0,0.2956521739130435
HUN,1956,197,64.0,0.3248730964467005
HUN,1960,312,66.0,0.2115384615384615
HUN,1964,319,56.0,0.1755485893416928
HUN,1968,303,81.0,0.2673267326732673
HUN,1972,367,81.0,0.220708446866485
HUN,1976,288,55.0,0.1909722222222222
HUN,1980,392,61.0,0.1556122448979592
HUN,1988,315,44.0,0.1396825396825396
HUN,1992,351,45.0,0.1282051282051282
HUN,1996,315,43.0,0.1365079365079365
HUN,2000,238,53.0,0.2226890756302521
HUN,2004,258,40.0,0.1550387596899224
HUN,2008,216,27.0,0.125
HUN,2012,201,26.0,0.1293532338308457
HUN,2016,204,22.0,0.1078431372549019
HUN,2020,237,51.0,0.2151898734177215
HUN,2024,177,24.0,0.135593220338983
INA,1952,3,0.0,0.0
INA,1956,24,0.0,0.0
INA,1960,27,0.0,0.0
INA,1968,6,0.0,0.0
INA,1972,7,0.0,0.0
INA,1976,11,0.0,0.0
INA,1984,23,0.0,0.0
INA,1988,43,3.0,0.0697674418604651
INA,1992,51,6.0,0.1176470588235294
INA,1996,45,6.0,0.1333333333333333
INA,2000,54,8.0,0.1481481481481481
INA,2004,39,5.0,0.1282051282051282
INA,2008,26,7.0,0.2692307692307692
INA,2012,22,2.0,0.0909090909090909
INA,2016,31,4.0,0.1290322580645161
INA,2020,35,6.0,0.1714285714285714
INA,2024,29,3.0,0.1034482758620689
IND,1900,5,2.0,0.4
IND,1920,7,0.0,0.0
IND,1924,24,0.0,0.0
IND,1928,24,14.0,0.5833333333333334
IND,1932,26,15.0,0.5769230769230769
IND,1936,30,19.0,0.6333333333333333
IND,1948,89,20.0,0.2247191011235955
IND,1952,94,15.0,0.1595744680851064
IND,1956,79,17.0,0.2151898734177215
IND,1960,49,13.0,0.2653061224489796
IND,1964,111,15.0,0.1351351351351351
IND,1968,27,16.0,0.5925925925925926
IND,1972,43,14.0,0.3255813953488372
IND,1976,26,0.0,0.0
IND,1980,78,16.0,0.2051282051282051
IND,1984,53,0.0,0.0
IND,1988,55,0.0,0.0
IND,1992,61,0.0,0.0
IND,1996,54,1.0,0.0185185185185185
IND,2000,70,1.0,0.0142857142857142
IND,2004,81,1.0,0.0123456790123456
IND,2008,67,3.0,0.044776119402985
IND,2012,95,6.0,0.0631578947368421
IND,2016,130,2.0,0.0153846153846153
IND,2020,151,24.0,0.1589403973509933
IND,2024,112,21.0,0.1875
IRI,1900,1,0.0,0.0
IRI,1948,39,1.0,0.0256410256410256
IRI,1952,23,7.0,0.3043478260869565
IRI,1956,17,5.0,0.2941176470588235
IRI,1960,24,4.0,0.1666666666666666
IRI,1964,96,2.0,0.0208333333333333
IRI,1968,14,5.0,0.3571428571428571
IRI,1972,56,3.0,0.0535714285714285
IRI,1976,104,2.0,0.0192307692307692
IRI,1988,26,1.0,0.0384615384615384
IRI,1992,44,3.0,0.0681818181818181
IRI,1996,18,3.0,0.1666666666666666
IRI,2000,34,4.0,0.1176470588235294
IRI,2004,37,6.0,0.1621621621621621
IRI,2008,55,2.0,0.0363636363636363
IRI,2012,57,12.0,0.2105263157894736
IRI,2016,67,8.0,0.1194029850746268
IRI,2020,76,7.0,0.0921052631578947
IRI,2024,41,12.0,0.2926829268292683
IRL,1924,60,2.0,0.0333333333333333
IRL,1928,44,1.0,0.0227272727272727
IRL,1932,18,2.0,0.1111111111111111
IRL,1948,83,1.0,0.0120481927710843
IRL,1952,25,1.0,0.04
IRL,1956,25,5.0,0.2
IRL,1960,63,0.0,0.0
IRL,1964,35,1.0,0.0285714285714285
IRL,1968,57,0.0,0.0
IRL,1972,84,0.0,0.0
IRL,1976,59,0.0,0.0
IRL,1980,57,3.0,0.0526315789473684
IRL,1984,55,1.0,0.0181818181818181
IRL,1988,78,0.0,0.0
IRL,1992,77,2.0,0.0259740259740259
IRL,1996,99,4.0,0.0404040404040404
IRL,2000,76,1.0,0.0131578947368421
IRL,2004,55,0.0,0.0
IRL,2008,63,3.0,0.0476190476190476
IRL,2012,76,5.0,0.0657894736842105
IRL,2016,93,3.0,0.032258064516129
IRL,2020,150,8.0,0.0533333333333333
IRL,2024,143,7.0,0.0489510489510489
IRQ,1948,13,0.0,0.0
IRQ,1960,28,1.0,0.0357142857142857
IRQ,1964,19,0.0,0.0
IRQ,1968,4,0.0,0.0
IRQ,1980,44,0.0,0.0
IRQ,1984,25,0.0,0.0
IRQ,1988,28,0.0,0.0
IRQ,1992,8,0.0,0.0
IRQ,1996,3,0.0,0.0
IRQ,2000,4,0.0,0.0
IRQ,2004,24,0.0,0.0
IRQ,2008,4,0.0,0.0
IRQ,2012,8,0.0,0.0
IRQ,2016,20,0.0,0.0
IRQ,2020,3,0.0,0.0
IRQ,2024,23,0.0,0.0
ISL,1908,1,0.0,0.0
ISL,1912,2,0.0,0.0
ISL,1936,13,0.0,0.0
ISL,1948,27,0.0,0.0
ISL,1952,18,0.0,0.0
ISL,1956,2,1.0,0.5
ISL,1960,11,0.0,0.0
ISL,1964,5,0.0,0.0
ISL,1968,16,0.0,0.0
ISL,1972,30,0.0,0.0
ISL,1976,22,0.0,0.0
ISL,1980,12,0.0,0.0
ISL,1984,35,1.0,0.0285714285714285
ISL,1988,42,0.0,0.0
ISL,1992,31,0.0,0.0
ISL,1996,15,0.0,0.0
ISL,2000,29,1.0,0.0344827586206896
ISL,2004,34,0.0,0.0
ISL,2008,31,14.0,0.4516129032258064
ISL,2012,36,0.0,0.0
ISL,2016,14,0.0,0.0
ISL,2020,5,0.0,0.0
ISL,2024,5,0.0,0.0
ISR,1952,31,0.0,0.0
ISR,1956,3,0.0,0.0
ISR,1960,46,0.0,0.0
ISR,1964,13,0.0,0.0
ISR,1968,39,0.0,0.0
ISR,1972,17,0.0,0.0
ISR,1976,34,0.0,0.0
ISR,1984,65,0.0,0.0
ISR,1988,29,0.0,0.0
ISR,1992,44,2.0,0.0454545454545454
ISR,1996,38,1.0,0.0263157894736842
ISR,2000,58,1.0,0.0172413793103448
ISR,2004,46,2.0,0.0434782608695652
ISR,2008,60,1.0,0.0166666666666666
ISR,2012,56,0.0,0.0
ISR,2016,59,2.0,0.0338983050847457
ISR,2020,128,14.0,0.109375
ISR,2024,89,11.0,0.1235955056179775
ISV,1968,6,0.0,0.0
ISV,1972,16,0.0,0.0
ISV,1976,26,0.0,0.0
ISV,1984,52,0.0,0.0
ISV,1988,46,1.0,0.0217391304347826
ISV,1992,34,0.0,0.0
ISV,1996,14,0.0,0.0
ISV,2000,12,0.0,0.0
ISV,2004,9,0.0,0.0
ISV,2008,8,0.0,0.0
ISV,2012,9,0.0,0.0
ISV,2016,7,0.0,0.0
ISV,2020,5,0.0,0.0
ISV,2024,5,0.0,0.0
ITA,1896,1,0.0,0.0
ITA,1900,36,5.0,0.1388888888888889
ITA,1904,1,0.0,0.0
ITA,1906,103,56.0,0.5436893203883495
ITA,1908,97,8.0,0.0824742268041237
ITA,1912,96,25.0,0.2604166666666667
ITA,1920,291,84.0,0.2886597938144329
ITA,1924,333,51.0,0.1531531531531531
ITA,1928,273,72.0,0.2637362637362637
ITA,1932,154,77.0,0.5
ITA,1936,349,76.0,0.2177650429799427
ITA,1948,310,67.0,0.2161290322580645
ITA,1952,376,54.0,0.1436170212765957
ITA,1956,207,47.0,0.2270531400966183
ITA,1960,402,88.0,0.2189054726368159
ITA,1964,256,51.0,0.19921875
ITA,1968,268,33.0,0.1231343283582089
ITA,1972,345,25.0,0.072463768115942
ITA,1976,312,31.0,0.0993589743589743
ITA,1980,203,37.0,0.1822660098522167
ITA,1984,368,63.0,0.171195652173913
ITA,1988,374,29.0,0.0775401069518716
ITA,1992,431,45.0,0.1044083526682134
ITA,1996,460,71.0,0.1543478260869565
ITA,2000,457,65.0,0.1422319474835886
ITA,2004,474,104.0,0.2194092827004219
ITA,2008,459,42.0,0.0915032679738562
ITA,2012,382,68.0,0.1780104712041884
ITA,2016,399,72.0,0.1804511278195488
ITA,2020,524,76.0,0.1450381679389313
ITA,2024,397,77.0,0.1939546599496221
IVB,1984,13,0.0,0.0
IVB,1988,4,0.0,0.0
IVB,1992,4,0.0,0.0
IVB,1996,11,0.0,0.0
IVB,2000,1,0.0,0.0
IVB,2004,1,0.0,0.0
IVB,2008,2,0.0,0.0
IVB,2012,2,0.0,0.0
IVB,2016,4,0.0,0.0
IVB,2020,3,0.0,0.0
IVB,2024,4,0.0,0.0
JAM,1948,26,3.0,0.1153846153846153
JAM,1952,16,8.0,0.5
JAM,1956,13,0.0,0.0
JAM,1964,32,0.0,0.0
JAM,1968,35,1.0,0.0285714285714285
JAM,1972,51,1.0,0.0196078431372549
JAM,1976,36,2.0,0.0555555555555555
JAM,1980,32,3.0,0.09375
JAM,1984,75,7.0,0.0933333333333333
JAM,1988,49,7.0,0.1428571428571428
JAM,1992,51,4.0,0.0784313725490196
JAM,1996,69,16.0,0.2318840579710145
JAM,2000,65,23.0,0.3538461538461538
JAM,2004,62,13.0,0.2096774193548387
JAM,2008,66,14.0,0.2121212121212121
JAM,2012,62,25.0,0.4032258064516129
JAM,2016,77,30.0,0.3896103896103896
JAM,2020,87,21.0,0.2413793103448276
JAM,2024,65,6.0,0.0923076923076923
JOR,1980,6,0.0,0.0
JOR,1984,15,0.0,0.0
JOR,1988,9,0.0,0.0
JOR,1992,5,0.0,0.0
JOR,1996,5,0.0,0.0
JOR,2000,8,0.0,0.0
JOR,2004,8,0.0,0.0
JOR,2008,7,0.0,0.0
JOR,2012,9,0.0,0.0
JOR,2016,8,1.0,0.125
JOR,2020,15,2.0,0.1333333333333333
JOR,2024,12,1.0,0.0833333333333333
JPN,1912,4,0.0,0.0
JPN,1920,26,3.0,0.1153846153846153
JPN,1924,37,1.0,0.027027027027027
JPN,1928,56,9.0,0.1607142857142857
JPN,1932,203,31.0,0.1527093596059113
JPN,1936,325,23.0,0.0707692307692307
JPN,1952,133,12.0,0.0902255639097744
JPN,1956,222,24.0,0.1081081081081081
JPN,1960,278,31.0,0.1115107913669064
JPN,1964,456,62.0,0.1359649122807017
JPN,1968,289,63.0,0.2179930795847751
JPN,1972,293,56.0,0.1911262798634812
JPN,1976,328,41.0,0.125
JPN,1984,365,49.0,0.1342465753424657
JPN,1988,412,20.0,0.0485436893203883
JPN,1992,392,47.0,0.1198979591836734
JPN,1996,448,42.0,0.09375
JPN,2000,363,44.0,0.1212121212121212
JPN,2004,414,93.0,0.2246376811594203
JPN,2008,457,51.0,0.111597374179431
JPN,2012,399,84.0,0.2105263157894736
JPN,2016,436,64.0,0.146788990825688
JPN,2020,787,131.0,0.1664548919949174
JPN,2024,431,70.0,0.1624129930394431
KAZ,1996,142,11.0,0.0774647887323943
KAZ,2000,158,7.0,0.0443037974683544
KAZ,2004,130,8.0,0.0615384615384615
KAZ,2008,146,13.0,0.0890410958904109
KAZ,2012,132,13.0,0.0984848484848484
KAZ,2016,123,18.0,0.1463414634146341
KAZ,2020,116,8.0,0.0689655172413793
KAZ,2024,79,8.0,0.1012658227848101
KEN,1956,31,0.0,0.0
KEN,1960,30,0.0,0.0
KEN,1964,41,1.0,0.024390243902439
KEN,1968,50,12.0,0.24
KEN,1972,69,12.0,0.1739130434782608
KEN,1984,67,3.0,0.044776119402985
KEN,1988,88,9.0,0.1022727272727272
KEN,1992,55,8.0,0.1454545454545454
KEN,1996,54,8.0,0.1481481481481481
KEN,2000,59,7.0,0.1186440677966101
KEN,2004,46,7.0,0.1521739130434782
KEN,2008,47,15.0,0.3191489361702128
KEN,2012,51,11.0,0.2156862745098039
KEN,2016,80,13.0,0.1625
KEN,2020,89,10.0,0.1123595505617977
KEN,2024,74,9.0,0.1216216216216216
KGZ,1996,53,0.0,0.0
KGZ,2000,71,1.0,0.0140845070422535
KGZ,2004,32,0.0,0.0
KGZ,2008,22,2.0,0.0909090909090909
KGZ,2012,15,0.0,0.0
KGZ,2016,19,0.0,0.0
KGZ,2020,17,3.0,0.1764705882352941
KGZ,2024,16,6.0,0.375
KIR,2004,3,0.0,0.0
KIR,2008,2,0.0,0.0
KIR,2012,3,0.0,0.0
KIR,2016,3,0.0,0.0
KIR,2020,3,0.0,0.0
KIR,2024,3,0.0,0.0
KOR,1948,48,2.0,0.0416666666666666
KOR,1952,22,2.0,0.0909090909090909
KOR,1956,36,2.0,0.0555555555555555
KOR,1960,49,0.0,0.0
KOR,1964,240,3.0,0.0125
KOR,1968,66,2.0,0.0303030303030303
KOR,1972,43,1.0,0.0232558139534883
KOR,1976,51,17.0,0.3333333333333333
KOR,1984,240,41.0,0.1708333333333333
KOR,1988,551,77.0,0.1397459165154265
KOR,1992,322,49.0,0.1521739130434782
KOR,1996,417,66.0,0.158273381294964
KOR,2000,359,73.0,0.2033426183844011
KOR,2004,344,52.0,0.1511627906976744
KOR,2008,329,78.0,0.2370820668693009
KOR,2012,312,61.0,0.1955128205128205
KOR,2016,263,26.0,0.0988593155893536
KOR,2020,338,38.0,0.1124260355029585
KOR,2024,147,46.0,0.3129251700680272
KOS,2016,8,1.0,0.125
KOS,2020,11,2.0,0.1818181818181818
KOS,2024,9,2.0,0.2222222222222222
KSA,1972,14,0.0,0.0
KSA,1976,19,0.0,0.0
KSA,1984,42,0.0,0.0
KSA,1988,13,0.0,0.0
KSA,1992,17,0.0,0.0
KSA,1996,34,0.0,0.0
KSA,2000,23,2.0,0.0869565217391304
KSA,2004,16,0.0,0.0
KSA,2008,18,0.0,0.0
KSA,2012,23,4.0,0.1739130434782608
KSA,2016,11,0.0,0.0
KSA,2020,33,1.0,0.0303030303030303
KSA,2024,8,0.0,0.0
KUW,1968,2,0.0,0.0
KUW,1972,4,0.0,0.0
KUW,1976,21,0.0,0.0
KUW,1980,67,0.0,0.0
KUW,1984,31,0.0,0.0
KUW,1988,34,0.0,0.0
KUW,1992,37,0.0,0.0
KUW,1996,27,0.0,0.0
KUW,2000,30,1.0,0.0333333333333333
KUW,2004,11,0.0,0.0
KUW,2008,8,0.0,0.0
KUW,2012,12,1.0,0.0833333333333333
KUW,2020,10,1.0,0.1
KUW,2024,9,0.0,0.0
LAO,1980,19,0.0,0.0
LAO,1988,3,0.0,0.0
LAO,1992,7,0.0,0.0
LAO,1996,5,0.0,0.0
LAO,2000,3,0.0,0.0
LAO,2004,5,0.0,0.0
LAO,2008,4,0.0,0.0
LAO,2012,3,0.0,0.0
LAO,2016,5,0.0,0.0
LAO,2020,4,0.0,0.0
LAO,2024,4,0.0,0.0
LAT,1924,47,0.0,0.0
LAT,1928,24,0.0,0.0
LAT,1932,13,1.0,0.0769230769230769
LAT,1936,33,2.0,0.0606060606060606
LAT,1992,40,3.0,0.075
LAT,1996,55,1.0,0.0181818181818181
LAT,2000,60,3.0,0.05
LAT,2004,45,4.0,0.0888888888888888
LAT,2008,53,3.0,0.0566037735849056
LAT,2012,50,3.0,0.06
LAT,2016,33,0.0,0.0
LAT,2020,38,5.0,0.131578947368421
LAT,2024,29,0.0,0.0
LBA,1968,1,0.0,0.0
LBA,1980,38,0.0,0.0
LBA,1988,7,0.0,0.0
LBA,1992,5,0.0,0.0
LBA,1996,5,0.0,0.0
LBA,2000,3,0.0,0.0
LBA,2004,8,0.0,0.0
LBA,2008,6,0.0,0.0
LBA,2012,4,0.0,0.0
LBA,2016,7,0.0,0.0
LBA,2020,4,0.0,0.0
LBA,2024,6,0.0,0.0
LBN,2020,6,0.0,0.0
LBN,2024,9,0.0,0.0
LBR,1956,11,0.0,0.0
LBR,1960,6,0.0,0.0
LBR,1964,2,0.0,0.0
LBR,1972,5,0.0,0.0
LBR,1984,10,0.0,0.0
LBR,1988,11,0.0,0.0
LBR,1996,7,0.0,0.0
LBR,2000,10,0.0,0.0
LBR,2004,2,0.0,0.0
LBR,2008,4,0.0,0.0
LBR,2012,3,0.0,0.0
LBR,2016,3,0.0,0.0
LBR,2020,4,0.0,0.0
LBR,2024,8,0.0,0.0
LCA,1996,8,0.0,0.0
LCA,2000,5,0.0,0.0
LCA,2004,2,0.0,0.0
LCA,2008,4,0.0,0.0
LCA,2012,4,0.0,0.0
LCA,2016,5,0.0,0.0
LCA,2020,5,0.0,0.0
LCA,2024,4,1.0,0.25
LES,1972,2,0.0,0.0
LES,1980,7,0.0,0.0
LES,1984,5,0.0,0.0
LES,1988,6,0.0,0.0
LES,1992,8,0.0,0.0
LES,1996,11,0.0,0.0
LES,2000,6,0.0,0.0
LES,2004,3,0.0,0.0
LES,2008,5,0.0,0.0
LES,2012,4,0.0,0.0
LES,2016,9,0.0,0.0
LES,2020,2,0.0,0.0
LES,2024,3,0.0,0.0
LIB,1948,9,0.0,0.0
LIB,1952,9,2.0,0.2222222222222222
LIB,1960,22,0.0,0.0
LIB,1964,8,0.0,0.0
LIB,1968,15,0.0,0.0
LIB,1972,36,1.0,0.0277777777777777
LIB,1976,4,0.0,0.0
LIB,1980,19,1.0,0.0526315789473684
LIB,1984,30,0.0,0.0
LIB,1988,31,0.0,0.0
LIB,1992,18,0.0,0.0
LIB,1996,1,0.0,0.0
LIB,2000,6,0.0,0.0
LIB,2004,5,0.0,0.0
LIB,2008,6,0.0,0.0
LIB,2012,10,0.0,0.0
LIB,2016,9,0.0,0.0
LIE,1936,8,0.0,0.0
LIE,1948,2,0.0,0.0
LIE,1952,2,0.0,0.0
LIE,1960,8,0.0,0.0
LIE,1964,3,0.0,0.0
LIE,1968,3,0.0,0.0
LIE,1972,12,0.0,0.0
LIE,1976,9,0.0,0.0
LIE,1984,8,0.0,0.0
LIE,1988,16,0.0,0.0
LIE,1992,8,0.0,0.0
LIE,1996,2,0.0,0.0
LIE,2000,2,0.0,0.0
LIE,2004,1,0.0,0.0
LIE,2008,2,0.0,0.0
LIE,2012,4,0.0,0.0
LIE,2016,3,0.0,0.0
LIE,2020,9,0.0,0.0
LIE,2024,1,0.0,0.0
LTU,1924,13,0.0,0.0
LTU,1928,13,0.0,0.0
LTU,1992,54,13.0,0.2407407407407407
LTU,1996,81,11.0,0.1358024691358024
LTU,2000,77,17.0,0.2207792207792207
LTU,2004,70,3.0,0.0428571428571428
LTU,2008,78,5.0,0.0641025641025641
LTU,2012,72,5.0,0.0694444444444444
LTU,2016,80,7.0,0.0875
LTU,2020,59,1.0,0.0169491525423728
LTU,2024,51,7.0,0.1372549019607843
LUX,1900,1,1.0,1.0
LUX,1912,44,0.0,0.0
LUX,1920,35,1.0,0.0285714285714285
LUX,1924,122,2.0,0.0163934426229508
LUX,1928,107,1.0,0.0093457943925233
LUX,1932,11,0.0,0.0
LUX,1936,129,0.0,0.0
LUX,1948,115,0.0,0.0
LUX,1952,101,1.0,0.0099009900990099
LUX,1956,27,0.0,0.0
LUX,1960,117,0.0,0.0
LUX,1964,27,0.0,0.0
LUX,1968,7,0.0,0.0
LUX,1972,15,0.0,0.0
LUX,1976,9,0.0,0.0
LUX,1980,4,0.0,0.0
LUX,1984,5,0.0,0.0
LUX,1988,11,0.0,0.0
LUX,1992,8,0.0,0.0
LUX,1996,7,0.0,0.0
LUX,2000,9,0.0,0.0
LUX,2004,14,0.0,0.0
LUX,2008,19,0.0,0.0
LUX,2012,11,0.0,0.0
LUX,2016,15,0.0,0.0
LUX,2020,14,0.0,0.0
LUX,2024,13,0.0,0.0
MAD,1964,4,0.0,0.0
MAD,1968,6,0.0,0.0
MAD,1972,13,0.0,0.0
MAD,1980,18,0.0,0.0
MAD,1984,5,0.0,0.0
MAD,1992,17,0.0,0.0
MAD,1996,14,0.0,0.0
MAD,2000,13,0.0,0.0
MAD,2004,8,0.0,0.0
MAD,2008,6,0.0,0.0
MAD,2012,7,0.0,0.0
MAD,2016,6,0.0,0.0
MAD,2020,6,0.0,0.0
MAD,2024,7,0.0,0.0
MAL,1956,34,0.0,0.0
MAL,1960,11,0.0,0.0
MAR,1960,111,1.0,0.009009009009009
MAR,1964,21,0.0,0.0
MAR,1968,25,0.0,0.0
MAR,1972,39,0.0,0.0
MAR,1976,9,0.0,0.0
MAR,1984,35,2.0,0.0571428571428571
MAR,1988,29,3.0,0.1034482758620689
MAR,1992,45,3.0,0.0666666666666666
MAR,1996,38,2.0,0.0526315789473684
MAR,2000,55,5.0,0.0909090909090909
MAR,2004,57,3.0,0.0526315789473684
MAR,2008,49,2.0,0.0408163265306122
MAR,2012,67,1.0,0.0149253731343283
MAR,2016,52,1.0,0.0192307692307692
MAR,2020,51,1.0,0.0196078431372549
MAR,2024,61,20.0,0.3278688524590163
MAS,1964,81,0.0,0.0
MAS,1968,35,0.0,0.0
MAS,1972,57,0.0,0.0
MAS,1976,25,0.0,0.0
MAS,1984,27,0.0,0.0
MAS,1988,17,0.0,0.0
MAS,1992,30,2.0,0.0666666666666666
MAS,1996,43,3.0,0.0697674418604651
MAS,2000,55,0.0,0.0
MAS,2004,38,0.0,0.0
MAS,2008,42,1.0,0.0238095238095238
MAS,2012,38,2.0,0.0526315789473684
MAS,2016,42,8.0,0.1904761904761904
MAS,2020,47,3.0,0.0638297872340425
MAS,2024,26,3.0,0.1153846153846153
MAW,1972,18,0.0,0.0
MAW,1984,23,0.0,0.0
MAW,1988,22,0.0,0.0
MAW,1992,4,0.0,0.0
MAW,1996,2,0.0,0.0
MAW,2000,2,0.0,0.0
MAW,2004,4,0.0,0.0
MAW,2008,4,0.0,0.0
MAW,2012,3,0.0,0.0
MAW,2016,5,0.0,0.0
MAW,2020,5,0.0,0.0
MAW,2024,3,0.0,0.0
MDA,1996,50,3.0,0.06
MDA,2000,35,2.0,0.0571428571428571
MDA,2004,33,0.0,0.0
MDA,2008,30,1.0,0.0333333333333333
MDA,2012,20,2.0,0.1
MDA,2016,23,0.0,0.0
MDA,2020,26,1.0,0.0384615384615384
MDA,2024,26,4.0,0.1538461538461538
MDV,1988,9,0.0,0.0
MDV,1992,10,0.0,0.0
MDV,1996,9,0.0,0.0
MDV,2000,4,0.0,0.0
MDV,2004,4,0.0,0.0
MDV,2008,4,0.0,0.0
MDV,2012,5,0.0,0.0
MDV,2016,4,0.0,0.0
MDV,2020,4,0.0,0.0
MDV,2024,5,0.0,0.0
MEX,1900,3,3.0,1.0
MEX,1924,28,0.0,0.0
MEX,1928,55,0.0,0.0
MEX,1932,100,2.0,0.02
MEX,1936,32,16.0,0.5
MEX,1948,149,9.0,0.0604026845637583
MEX,1952,85,1.0,0.0117647058823529
MEX,1956,36,2.0,0.0555555555555555
MEX,1960,110,1.0,0.009090909090909
MEX,1964,128,1.0,0.0078125
MEX,1968,446,9.0,0.0201793721973094
MEX,1972,281,1.0,0.0035587188612099
MEX,1976,137,2.0,0.0145985401459854
MEX,1980,74,10.0,0.1351351351351351
MEX,1984,155,6.0,0.0387096774193548
MEX,1988,144,2.0,0.0138888888888888
MEX,1992,140,1.0,0.0071428571428571
MEX,1996,111,1.0,0.009009009009009
MEX,2000,98,6.0,0.0612244897959183
MEX,2004,137,4.0,0.0291970802919708
MEX,2008,103,4.0,0.0388349514563106
MEX,2012,119,24.0,0.2016806722689075
MEX,2016,139,5.0,0.0359712230215827
MEX,2020,196,27.0,0.1377551020408163
MEX,2024,108,7.0,0.0648148148148148
MGL,1964,40,0.0,0.0
MGL,1968,38,4.0,0.1052631578947368
MGL,1972,44,1.0,0.0227272727272727
MGL,1976,33,1.0,0.0303030303030303
MGL,1980,57,4.0,0.0701754385964912
MGL,1988,32,1.0,0.03125
MGL,1992,38,2.0,0.0526315789473684
MGL,1996,18,1.0,0.0555555555555555
MGL,2000,23,0.0,0.0
MGL,2004,21,1.0,0.0476190476190476
MGL,2008,31,4.0,0.1290322580645161
MGL,2012,32,5.0,0.15625
MGL,2016,46,2.0,0.0434782608695652
MGL,2020,61,4.0,0.0655737704918032
MGL,2024,32,1.0,0.03125
MHL,2008,5,0.0,0.0
MHL,2012,4,0.0,0.0
MHL,2016,5,0.0,0.0
MHL,2020,2,0.0,0.0
MHL,2024,4,0.0,0.0
MKD,1996,16,0.0,0.0
MKD,2000,15,1.0,0.0666666666666666
MKD,2004,14,0.0,0.0
MKD,2008,7,0.0,0.0
MKD,2012,4,0.0,0.0
MKD,2016,6,0.0,0.0
MKD,2020,8,1.0,0.125
MKD,2024,6,0.0,0.0
MLI,1964,2,0.0,0.0
MLI,1968,2,0.0,0.0
MLI,1972,3,0.0,0.0
MLI,1980,7,0.0,0.0
MLI,1984,5,0.0,0.0
MLI,1988,8,0.0,0.0
MLI,1992,6,0.0,0.0
MLI,1996,4,0.0,0.0
MLI,2000,5,0.0,0.0
MLI,2004,21,0.0,0.0
MLI,2008,17,0.0,0.0
MLI,2012,6,0.0,0.0
MLI,2016,6,0.0,0.0
MLI,2020,4,0.0,0.0
MLI,2024,24,0.0,0.0
MLT,1928,9,0.0,0.0
MLT,1936,11,0.0,0.0
MLT,1948,1,0.0,0.0
MLT,1960,13,0.0,0.0
MLT,1968,1,0.0,0.0
MLT,1972,5,0.0,0.0
MLT,1980,12,0.0,0.0
MLT,1984,7,0.0,0.0
MLT,1988,6,0.0,0.0
MLT,1992,8,0.0,0.0
MLT,1996,10,0.0,0.0
MLT,2000,7,0.0,0.0
MLT,2004,7,0.0,0.0
MLT,2008,6,0.0,0.0
MLT,2012,5,0.0,0.0
MLT,2016,8,0.0,0.0
MLT,2020,8,0.0,0.0
MLT,2024,5,0.0,0.0
MNE,2008,20,0.0,0.0
MNE,2012,34,14.0,0.4117647058823529
MNE,2016,35,0.0,0.0
MNE,2020,35,0.0,0.0
MNE,2024,19,0.0,0.0
MON,1920,7,0.0,0.0
MON,1924,9,1.0,0.1111111111111111
MON,1928,12,0.0,0.0
MON,1932,1,0.0,0.0
MON,1936,11,0.0,0.0
MON,1948,4,0.0,0.0
MON,1952,10,0.0,0.0
MON,1960,13,0.0,0.0
MON,1964,1,0.0,0.0
MON,1968,2,0.0,0.0
MON,1972,5,0.0,0.0
MON,1976,10,0.0,0.0
MON,1984,8,0.0,0.0
MON,1988,9,0.0,0.0
MON,1992,4,0.0,0.0
MON,1996,4,0.0,0.0
MON,2000,4,0.0,0.0
MON,2004,3,0.0,0.0
MON,2008,5,0.0,0.0
MON,2012,6,0.0,0.0
MON,2016,8,0.0,0.0
MON,2020,6,0.0,0.0
MON,2024,6,0.0,0.0
MOZ,1980,16,0.0,0.0
MOZ,1984,14,0.0,0.0
MOZ,1988,12,0.0,0.0
MOZ,1992,7,0.0,0.0
MOZ,1996,3,1.0,0.3333333333333333
MOZ,2000,4,1.0,0.25
MOZ,2004,4,0.0,0.0
MOZ,2008,4,0.0,0.0
MOZ,2012,6,0.0,0.0
MOZ,2016,8,0.0,0.0
MOZ,2020,10,0.0,0.0
MOZ,2024,7,0.0,0.0
MRI,1984,7,0.0,0.0
MRI,1988,11,0.0,0.0
MRI,1992,22,0.0,0.0
MRI,1996,36,0.0,0.0
MRI,2000,26,0.0,0.0
MRI,2004,9,0.0,0.0
MRI,2008,11,1.0,0.0909090909090909
MRI,2012,11,0.0,0.0
MRI,2016,11,0.0,0.0
MRI,2020,8,0.0,0.0
MRI,2024,12,0.0,0.0
MTN,1984,2,0.0,0.0
MTN,1988,7,0.0,0.0
MTN,1992,6,0.0,0.0
MTN,1996,4,0.0,0.0
MTN,2000,2,0.0,0.0
MTN,2004,2,0.0,0.0
MTN,2008,2,0.0,0.0
MTN,2012,2,0.0,0.0
MTN,2016,2,0.0,0.0
MTN,2020,2,0.0,0.0
MTN,2024,2,0.0,0.0
MYA,1948,5,0.0,0.0
MYA,1952,5,0.0,0.0
MYA,1956,12,0.0,0.0
MYA,1960,10,0.0,0.0
MYA,1964,12,0.0,0.0
MYA,1968,4,0.0,0.0
MYA,1972,19,0.0,0.0
MYA,1980,2,0.0,0.0
MYA,1984,1,0.0,0.0
MYA,1988,3,0.0,0.0
MYA,1992,5,0.0,0.0
MYA,1996,3,0.0,0.0
MYA,2000,7,0.0,0.0
MYA,2004,2,0.0,0.0
MYA,2008,7,0.0,0.0
MYA,2012,6,0.0,0.0
MYA,2016,8,0.0,0.0
MYA,2020,2,0.0,0.0
MYA,2024,2,0.0,0.0
NAM,1992,10,2.0,0.2
NAM,1996,10,2.0,0.2
NAM,2000,16,0.0,0.0
NAM,2004,10,0.0,0.0
NAM,2008,11,0.0,0.0
NAM,2012,9,0.0,0.0
NAM,2016,11,0.0,0.0
NAM,2020,11,1.0,0.0909090909090909
NAM,2024,4,0.0,0.0
NBO,1956,2,0.0,0.0
NCA,1968,16,0.0,0.0
NCA,1972,10,0.0,0.0
NCA,1976,25,0.0,0.0
NCA,1980,6,0.0,0.0
NCA,1984,5,0.0,0.0
NCA,1992,9,0.0,0.0
NCA,1996,28,0.0,0.0
NCA,2000,6,0.0,0.0
NCA,2004,6,0.0,0.0
NCA,2008,7,0.0,0.0
NCA,2012,6,0.0,0.0
NCA,2016,5,0.0,0.0
NCA,2020,8,0.0,0.0
NCA,2024,7,0.0,0.0
NED,1900,73,27.0,0.3698630136986301
NED,1906,49,6.0,0.1224489795918367
NED,1908,218,16.0,0.073394495412844
NED,1912,45,26.0,0.5777777777777777
NED,1920,213,50.0,0.2347417840375587
NED,1924,246,27.0,0.1097560975609756
NED,1928,384,57.0,0.1484375
NED,1932,80,13.0,0.1625
NED,1936,227,37.0,0.1629955947136563
NED,1948,187,42.0,0.2245989304812834
NED,1952,180,18.0,0.1
NED,1956,1,0.0,0.0
NED,1960,160,3.0,0.01875
NED,1964,158,31.0,0.1962025316455696
NED,1968,140,14.0,0.1
NED,1972,199,6.0,0.0301507537688442
NED,1976,175,14.0,0.08
NED,1980,112,6.0,0.0535714285714285
NED,1984,185,41.0,0.2216216216216216
NED,1988,202,45.0,0.2227722772277227
NED,1992,257,33.0,0.1284046692607003
NED,1996,290,73.0,0.2517241379310345
NED,2000,285,79.0,0.2771929824561403
NED,2004,264,77.0,0.2916666666666667
NED,2008,283,61.0,0.215547703180212
NED,2012,222,69.0,0.3108108108108108
NED,2016,329,47.0,0.1428571428571428
NED,2020,391,72.0,0.1841432225063938
NED,2024,290,110.0,0.3793103448275862
NEP,1964,6,0.0,0.0
NEP,1972,2,0.0,0.0
NEP,1976,1,0.0,0.0
NEP,1980,10,0.0,0.0
NEP,1984,10,0.0,0.0
NEP,1988,20,0.0,0.0
NEP,1992,2,0.0,0.0
NEP,1996,6,0.0,0.0
NEP,2000,5,0.0,0.0
NEP,2004,6,0.0,0.0
NEP,2008,8,0.0,0.0
NEP,2012,5,0.0,0.0
NEP,2016,7,0.0,0.0
NEP,2020,5,0.0,0.0
NEP,2024,7,0.0,0.0
NGR,1952,15,0.0,0.0
NGR,1956,14,0.0,0.0
NGR,1960,15,0.0,0.0
NGR,1964,19,1.0,0.0526315789473684
NGR,1968,46,0.0,0.0
NGR,1972,36,1.0,0.0277777777777777
NGR,1980,56,0.0,0.0
NGR,1984,36,5.0,0.1388888888888889
NGR,1988,86,0.0,0.0
NGR,1992,72,11.0,0.1527777777777778
NGR,1996,84,24.0,0.2857142857142857
NGR,2000,100,8.0,0.08
NGR,2004,79,8.0,0.1012658227848101
NGR,2008,89,23.0,0.2584269662921348
NGR,2012,58,0.0,0.0
NGR,2016,77,18.0,0.2337662337662337
NGR,2020,68,2.0,0.0294117647058823
NGR,2024,86,0.0,0.0
NIG,1964,1,0.0,0.0
NIG,1968,2,0.0,0.0
NIG,1972,4,1.0,0.25
NIG,1984,4,0.0,0.0
NIG,1988,6,0.0,0.0
NIG,1992,3,0.0,0.0
NIG,1996,3,0.0,0.0
NIG,2000,4,0.0,0.0
NIG,2004,4,0.0,0.0
NIG,2008,4,0.0,0.0
NIG,2012,6,0.0,0.0
NIG,2016,6,1.0,0.1666666666666666
NIG,2020,7,0.0,0.0
NIG,2024,7,0.0,0.0
NOR,1900,29,9.0,0.3103448275862069
NOR,1904,6,2.0,0.3333333333333333
NOR,1906,55,25.0,0.4545454545454545
NOR,1908,103,42.0,0.4077669902912621
NOR,1912,263,80.0,0.3041825095057034
NOR,1920,267,137.0,0.5131086142322098
NOR,1924,105,22.0,0.2095238095238095
NOR,1928,79,9.0,0.1139240506329113
NOR,1932,8,0.0,0.0
NOR,1936,84,28.0,0.3333333333333333
NOR,1948,97,18.0,0.1855670103092783
NOR,1952,190,13.0,0.0684210526315789
NOR,1956,29,3.0,0.1034482758620689
NOR,1960,50,2.0,0.04
NOR,1964,43,0.0,0.0
NOR,1968,86,6.0,0.0697674418604651
NOR,1972,161,8.0,0.0496894409937888
NOR,1976,79,6.0,0.0759493670886076
NOR,1984,132,4.0,0.0303030303030303
NOR,1988,79,22.0,0.2784810126582278
NOR,1992,114,23.0,0.2017543859649122
NOR,1996,116,23.0,0.1982758620689655
NOR,2000,115,43.0,0.3739130434782609
NOR,2004,60,7.0,0.1166666666666666
NOR,2008,102,22.0,0.2156862745098039
NOR,2012,69,17.0,0.2463768115942029
NOR,2016,77,19.0,0.2467532467532467
NOR,2020,112,23.0,0.2053571428571428
NOR,2024,109,23.0,0.2110091743119266
NRU,1996,3,0.0,0.0
NRU,2000,2,0.0,0.0
NRU,2004,3,0.0,0.0
NRU,2008,1,0.0,0.0
NRU,2012,2,0.0,0.0
NRU,2016,2,0.0,0.0
NRU,2020,2,0.0,0.0
NRU,2024,1,0.0,0.0
NZL,1900,1,1.0,1.0
NZL,1920,6,1.0,0.1666666666666666
NZL,1924,6,1.0,0.1666666666666666
NZL,1928,13,1.0,0.0769230769230769
NZL,1932,29,2.0,0.0689655172413793
NZL,1936,9,1.0,0.1111111111111111
NZL,1948,8,0.0,0.0
NZL,1952,20,3.0,0.15
NZL,1956,57,3.0,0.0526315789473684
NZL,1960,47,3.0,0.0638297872340425
NZL,1964,88,6.0,0.0681818181818181
NZL,1968,65,7.0,0.1076923076923077
NZL,1972,112,14.0,0.125
NZL,1976,98,25.0,0.2551020408163265
NZL,1980,7,0.0,0.0
NZL,1984,162,23.0,0.1419753086419753
NZL,1988,112,24.0,0.2142857142857142
NZL,1992,175,15.0,0.0857142857142857
NZL,1996,129,9.0,0.0697674418604651
NZL,2000,177,4.0,0.0225988700564971
NZL,2004,184,6.0,0.0326086956521739
NZL,2008,201,15.0,0.0746268656716417
NZL,2012,204,27.0,0.1323529411764706
NZL,2016,232,36.0,0.1551724137931034
NZL,2020,279,65.0,0.2329749103942652
NZL,2024,208,45.0,0.2163461538461538
OMA,1984,22,0.0,0.0
OMA,1988,13,0.0,0.0
OMA,1992,5,0.0,0.0
OMA,1996,5,0.0,0.0
OMA,2000,8,0.0,0.0
OMA,2004,2,0.0,0.0
OMA,2008,4,0.0,0.0
OMA,2012,3,0.0,0.0
OMA,2016,4,0.0,0.0
OMA,2020,5,0.0,0.0
OMA,2024,4,0.0,0.0
PAK,1948,44,0.0,0.0
PAK,1952,51,0.0,0.0
PAK,1956,79,14.0,0.1772151898734177
PAK,1960,53,14.0,0.2641509433962264
PAK,1964,47,16.0,0.3404255319148936
PAK,1968,15,13.0,0.8666666666666667
PAK,1972,26,15.0,0.5769230769230769
PAK,1976,24,16.0,0.6666666666666666
PAK,1984,33,16.0,0.4848484848484848
PAK,1988,33,1.0,0.0303030303030303
PAK,1992,28,16.0,0.5714285714285714
PAK,1996,24,0.0,0.0
PAK,2000,27,0.0,0.0
PAK,2004,26,0.0,0.0
PAK,2008,22,0.0,0.0
PAK,2012,21,0.0,0.0
PAK,2016,7,0.0,0.0
PAK,2020,10,0.0,0.0
PAK,2024,7,1.0,0.1428571428571428
PAN,1928,2,0.0,0.0
PAN,1948,2,2.0,1.0
PAN,1952,1,0.0,0.0
PAN,1960,8,0.0,0.0
PAN,1964,15,0.0,0.0
PAN,1968,16,0.0,0.0
PAN,1972,8,0.0,0.0
PAN,1976,13,0.0,0.0
PAN,1984,10,0.0,0.0
PAN,1988,9,0.0,0.0
PAN,1992,7,0.0,0.0
PAN,1996,9,0.0,0.0
PAN,2000,7,0.0,0.0
PAN,2004,5,0.0,0.0
PAN,2008,5,1.0,0.2
PAN,2012,8,0.0,0.0
PAN,2016,14,0.0,0.0
PAN,2020,11,0.0,0.0
PAN,2024,8,1.0,0.125
PAR,1968,1,0.0,0.0
PAR,1972,3,0.0,0.0
PAR,1976,6,0.0,0.0
PAR,1984,18,0.0,0.0
PAR,1988,13,0.0,0.0
PAR,1992,31,0.0,0.0
PAR,1996,7,0.0,0.0
PAR,2000,5,0.0,0.0
PAR,2004,22,17.0,0.7727272727272727
PAR,2008,7,0.0,0.0
PAR,2012,10,0.0,0.0
PAR,2016,11,0.0,0.0
PAR,2020,9,0.0,0.0
PAR,2024,29,0.0,0.0
PER,1900,2,0.0,0.0
PER,1932,3,0.0,0.0
PER,1936,46,0.0,0.0
PER,1948,49,1.0,0.0204081632653061
PER,1956,10,0.0,0.0
PER,1960,33,0.0,0.0
PER,1964,40,0.0,0.0
PER,1968,33,0.0,0.0
PER,1972,31,0.0,0.0
PER,1976,14,0.0,0.0
PER,1980,38,0.0,0.0
PER,1984,44,1.0,0.0227272727272727
PER,1988,26,12.0,0.4615384615384615
PER,1992,21,1.0,0.0476190476190476
PER,1996,33,0.0,0.0
PER,2000,22,0.0,0.0
PER,2004,14,0.0,0.0
PER,2008,13,0.0,0.0
PER,2012,16,0.0,0.0
PER,2016,34,0.0,0.0
PER,2020,42,0.0,0.0
PER,2024,26,1.0,0.0384615384615384
PHI,1924,2,0.0,0.0
PHI,1928,6,1.0,0.1666666666666666
PHI,1932,8,3.0,0.375
PHI,1936,40,1.0,0.025
PHI,1948,31,0.0,0.0
PHI,1952,28,0.0,0.0
PHI,1956,48,0.0,0.0
PHI,1960,49,0.0,0.0
PHI,1964,70,1.0,0.0142857142857142
PHI,1968,89,0.0,0.0
PHI,1972,79,0.0,0.0
PHI,1976,22,0.0,0.0
PHI,1984,32,0.0,0.0
PHI,1988,42,1.0,0.0238095238095238
PHI,1992,38,1.0,0.0263157894736842
PHI,1996,18,1.0,0.0555555555555555
PHI,2000,22,0.0,0.0
PHI,2004,21,0.0,0.0
PHI,2008,17,0.0,0.0
PHI,2012,11,0.0,0.0
PHI,2016,13,1.0,0.0769230769230769
PHI,2020,27,4.0,0.1481481481481481
PHI,2024,22,3.0,0.1363636363636363
PLE,1996,1,0.0,0.0
PLE,2000,2,0.0,0.0
PLE,2004,3,0.0,0.0
PLE,2008,4,0.0,0.0
PLE,2012,5,0.0,0.0
PLE,2016,6,0.0,0.0
PLE,2020,5,0.0,0.0
PLE,2024,8,0.0,0.0
PLW,2000,5,0.0,0.0
PLW,2004,4,0.0,0.0
PLW,2008,5,0.0,0.0
PLW,2012,5,0.0,0.0
PLW,2016,6,0.0,0.0
PLW,2020,3,0.0,0.0
PLW,2024,3,0.0,0.0
PNG,1976,9,0.0,0.0
PNG,1984,12,0.0,0.0
PNG,1988,15,0.0,0.0
PNG,1992,19,0.0,0.0
PNG,1996,17,0.0,0.0
PNG,2000,5,0.0,0.0
PNG,2004,6,0.0,0.0
PNG,2008,9,0.0,0.0
PNG,2012,8,0.0,0.0
PNG,2016,8,0.0,0.0
PNG,2020,8,0.0,0.0
PNG,2024,7,0.0,0.0
POL,1912,1,0.0,0.0
POL,1924,100,5.0,0.05
POL,1928,146,20.0,0.136986301369863
POL,1932,71,21.0,0.2957746478873239
POL,1936,177,12.0,0.0677966101694915
POL,1948,52,2.0,0.0384615384615384
POL,1952,248,4.0,0.0161290322580645
POL,1956,118,19.0,0.1610169491525423
POL,1960,307,30.0,0.0977198697068403
POL,1964,240,46.0,0.1916666666666666
POL,1968,296,37.0,0.125
POL,1972,418,46.0,0.1100478468899521
POL,1976,286,73.0,0.2552447552447552
POL,1980,418,50.0,0.1196172248803827
POL,1988,192,21.0,0.109375
POL,1992,263,46.0,0.1749049429657794
POL,1996,207,22.0,0.1062801932367149
POL,2000,240,24.0,0.1
POL,2004,224,12.0,0.0535714285714285
POL,2008,316,20.0,0.0632911392405063
POL,2012,256,12.0,0.046875
POL,2016,289,16.0,0.0553633217993079
POL,2020,282,36.0,0.1276595744680851
POL,2024,226,28.0,0.1238938053097345
POR,1912,8,0.0,0.0
POR,1920,40,0.0,0.0
POR,1924,47,4.0,0.0851063829787234
POR,1928,39,6.0,0.1538461538461538
POR,1932,8,0.0,0.0
POR,1936,26,3.0,0.1153846153846153
POR,1948,65,5.0,0.0769230769230769
POR,1952,155,2.0,0.0129032258064516
POR,1956,18,0.0,0.0
POR,1960,109,2.0,0.018348623853211
POR,1964,25,0.0,0.0
POR,1968,33,0.0,0.0
POR,1972,41,0.0,0.0
POR,1976,36,2.0,0.0555555555555555
POR,1980,18,0.0,0.0
POR,1984,48,3.0,0.0625
POR,1988,91,1.0,0.0109890109890109
POR,1992,115,0.0,0.0
POR,1996,131,3.0,0.0229007633587786
POR,2000,64,2.0,0.03125
POR,2004,93,3.0,0.032258064516129
POR,2008,87,2.0,0.0229885057471264
POR,2012,98,2.0,0.0204081632653061
POR,2016,106,1.0,0.0094339622641509
POR,2020,113,4.0,0.0353982300884955
POR,2024,75,4.0,0.0533333333333333
PRK,1972,83,15.0,0.180722891566265
PRK,1976,40,2.0,0.05
PRK,1980,121,5.0,0.0413223140495867
PRK,1992,123,10.0,0.08130081300813
PRK,1996,36,5.0,0.1388888888888889
PRK,2000,47,4.0,0.0851063829787234
PRK,2004,71,5.0,0.0704225352112676
PRK,2008,66,6.0,0.0909090909090909
PRK,2012,57,6.0,0.1052631578947368
PRK,2016,38,7.0,0.1842105263157894
PRK,2024,14,7.0,0.5
PUR,1948,9,1.0,0.1111111111111111
PUR,1952,23,0.0,0.0
PUR,1956,14,0.0,0.0
PUR,1960,29,0.0,0.0
PUR,1964,45,0.0,0.0
PUR,1968,99,0.0,0.0
PUR,1972,60,0.0,0.0
PUR,1976,112,1.0,0.0089285714285714
PUR,1980,3,0.0,0.0
PUR,1984,58,2.0,0.0344827586206896
PUR,1988,56,0.0,0.0
PUR,1992,101,1.0,0.0099009900990099
PUR,1996,91,1.0,0.0109890109890109
PUR,2000,38,0.0,0.0
PUR,2004,52,0.0,0.0
PUR,2008,31,0.0,0.0
PUR,2012,28,2.0,0.0714285714285714
PUR,2016,41,1.0,0.024390243902439
PUR,2020,39,1.0,0.0256410256410256
PUR,2024,51,2.0,0.0392156862745098
QAT,1984,26,0.0,0.0
QAT,1988,13,0.0,0.0
QAT,1992,30,1.0,0.0333333333333333
QAT,1996,13,0.0,0.0
QAT,2000,19,1.0,0.0526315789473684
QAT,2004,15,0.0,0.0
QAT,2008,20,0.0,0.0
QAT,2012,14,2.0,0.1428571428571428
QAT,2016,42,1.0,0.0238095238095238
QAT,2020,17,4.0,0.2352941176470588
QAT,2024,13,1.0,0.0769230769230769
RHO,1960,12,0.0,0.0
RUS,2020,561,149.0,0.2655971479500891
ROU,1900,1,0.0,0.0
ROU,1924,45,16.0,0.3555555555555555
ROU,1928,33,0.0,0.0
ROU,1932,2,0.0,0.0
ROU,1936,118,1.0,0.0084745762711864
ROU,1952,241,4.0,0.0165975103734439
ROU,1956,103,19.0,0.1844660194174757
ROU,1960,156,15.0,0.0961538461538461
ROU,1964,232,16.0,0.0689655172413793
ROU,1968,100,23.0,0.23
ROU,1972,258,40.0,0.1550387596899224
ROU,1976,255,55.0,0.2156862745098039
ROU,1980,339,68.0,0.2005899705014749
ROU,1984,193,106.0,0.5492227979274611
ROU,1988,172,58.0,0.3372093023255814
ROU,1992,306,53.0,0.1732026143790849
ROU,1996,284,38.0,0.1338028169014084
ROU,2000,252,46.0,0.1825396825396825
ROU,2004,193,39.0,0.2020725388601036
ROU,2008,172,22.0,0.127906976744186
ROU,2012,155,16.0,0.1032258064516129
ROU,2016,121,16.0,0.1322314049586777
ROU,2020,119,9.0,0.0756302521008403
ROU,2024,96,16.0,0.1666666666666666
RSA,1904,8,0.0,0.0
RSA,1908,33,2.0,0.0606060606060606
RSA,1912,56,7.0,0.125
RSA,1920,97,21.0,0.2164948453608247
RSA,1924,44,3.0,0.0681818181818181
RSA,1928,40,6.0,0.15
RSA,1932,20,5.0,0.25
RSA,1936,54,1.0,0.0185185185185185
RSA,1948,43,6.0,0.1395348837209302
RSA,1952,109,14.0,0.128440366972477
RSA,1956,90,7.0,0.0777777777777777
RSA,1960,72,3.0,0.0416666666666666
RSA,1992,141,3.0,0.0212765957446808
RSA,1996,111,5.0,0.045045045045045
RSA,2000,161,5.0,0.031055900621118
RSA,2004,128,10.0,0.078125
RSA,2008,179,1.0,0.0055865921787709
RSA,2012,145,9.0,0.0620689655172413
RSA,2016,155,23.0,0.1483870967741935
RSA,2020,211,3.0,0.0142180094786729
RSA,2024,141,20.0,0.1418439716312056
RUS,1900,5,0.0,0.0
RUS,1908,7,3.0,0.4285714285714285
RUS,1912,266,14.0,0.0526315789473684
RUS,1924,3,0.0,0.0
RUS,1996,552,115.0,0.2083333333333333
RUS,2000,602,187.0,0.3106312292358804
RUS,2004,593,189.0,0.3187183811129848
RUS,2008,600,142.0,0.2366666666666666
RUS,2012,549,140.0,0.2550091074681239
RUS,2016,406,115.0,0.2832512315270936
RWA,1984,6,0.0,0.0
RWA,1988,8,0.0,0.0
RWA,1992,10,0.0,0.0
RWA,1996,4,0.0,0.0
RWA,2000,5,0.0,0.0
RWA,2004,5,0.0,0.0
RWA,2008,4,0.0,0.0
RWA,2012,7,0.0,0.0
RWA,2016,7,0.0,0.0
RWA,2020,5,0.0,0.0
RWA,2024,7,0.0,0.0
GER,1952,93,0.0,0.0
SAM,1984,9,0.0,0.0
SAM,1988,11,0.0,0.0
SAM,1992,5,0.0,0.0
SAM,1996,5,0.0,0.0
SAM,2000,5,0.0,0.0
SAM,2004,3,0.0,0.0
SAM,2008,7,0.0,0.0
SAM,2012,9,0.0,0.0
SAM,2016,9,0.0,0.0
SAM,2020,13,0.0,0.0
SAM,2024,24,0.0,0.0
SRB,1996,79,26.0,0.3291139240506329
SRB,2000,125,25.0,0.2
SRB,2004,96,13.0,0.1354166666666666
SEN,1964,14,0.0,0.0
SEN,1968,24,0.0,0.0
SEN,1972,40,0.0,0.0
SEN,1976,33,0.0,0.0
SEN,1980,39,0.0,0.0
SEN,1984,29,0.0,0.0
SEN,1988,35,1.0,0.0285714285714285
SEN,1992,25,0.0,0.0
SEN,1996,12,0.0,0.0
SEN,2000,32,0.0,0.0
SEN,2004,21,0.0,0.0
SEN,2008,17,0.0,0.0
SEN,2012,32,0.0,0.0
SEN,2016,22,0.0,0.0
SEN,2020,9,0.0,0.0
SEN,2024,11,0.0,0.0
SEY,1980,21,0.0,0.0
SEY,1984,15,0.0,0.0
SEY,1992,21,0.0,0.0
SEY,1996,9,0.0,0.0
SEY,2000,9,0.0,0.0
SEY,2004,10,0.0,0.0
SEY,2008,10,0.0,0.0
SEY,2012,6,0.0,0.0
SEY,2016,10,0.0,0.0
SEY,2020,6,0.0,0.0
SEY,2024,3,0.0,0.0
SGP,1948,1,0.0,0.0
SGP,1952,7,0.0,0.0
SGP,1956,52,0.0,0.0
SGP,1960,5,1.0,0.2
SGP,1968,6,0.0,0.0
SGP,1972,12,0.0,0.0
SGP,1976,4,0.0,0.0
SGP,1984,14,0.0,0.0
SGP,1988,27,0.0,0.0
SGP,1992,37,0.0,0.0
SGP,1996,35,0.0,0.0
SGP,2000,23,0.0,0.0
SGP,2004,22,0.0,0.0
SGP,2008,36,3.0,0.0833333333333333
SGP,2012,36,4.0,0.1111111111111111
SGP,2016,32,1.0,0.03125
SGP,2020,30,0.0,0.0
SGP,2024,23,1.0,0.0434782608695652
SKN,1996,14,0.0,0.0
SKN,2000,4,0.0,0.0
SKN,2004,2,0.0,0.0
SKN,2008,6,0.0,0.0
SKN,2012,7,0.0,0.0
SKN,2016,9,0.0,0.0
SKN,2020,2,0.0,0.0
SKN,2024,3,0.0,0.0
SLE,1968,4,0.0,0.0
SLE,1980,32,0.0,0.0
SLE,1984,10,0.0,0.0
SLE,1988,20,0.0,0.0
SLE,1992,15,0.0,0.0
SLE,1996,19,0.0,0.0
SLE,2000,3,0.0,0.0
SLE,2004,2,0.0,0.0
SLE,2008,3,0.0,0.0
SLE,2012,2,0.0,0.0
SLE,2016,4,0.0,0.0
SLE,2020,4,0.0,0.0
SLE,2024,4,0.0,0.0
SLO,1992,47,6.0,0.1276595744680851
SLO,1996,47,2.0,0.0425531914893617
SLO,2000,90,3.0,0.0333333333333333
SLO,2004,102,5.0,0.0490196078431372
SLO,2008,73,5.0,0.0684931506849315
SLO,2012,78,5.0,0.0641025641025641
SLO,2016,70,4.0,0.0571428571428571
SLO,2020,64,5.0,0.078125
SLO,2024,95,3.0,0.031578947368421
SMR,1960,13,0.0,0.0
SMR,1968,4,0.0,0.0
SMR,1972,7,0.0,0.0
SMR,1976,10,0.0,0.0
SMR,1980,16,0.0,0.0
SMR,1984,31,0.0,0.0
SMR,1988,15,0.0,0.0
SMR,1992,20,0.0,0.0
SMR,1996,7,0.0,0.0
SMR,2000,4,0.0,0.0
SMR,2004,5,0.0,0.0
SMR,2008,4,0.0,0.0
SMR,2012,4,0.0,0.0
SMR,2016,4,0.0,0.0
SMR,2020,8,4.0,0.5
SMR,2024,5,0.0,0.0
SOL,1984,3,0.0,0.0
SOL,1988,5,0.0,0.0
SOL,1992,1,0.0,0.0
SOL,1996,4,0.0,0.0
SOL,2000,2,0.0,0.0
SOL,2004,2,0.0,0.0
SOL,2008,3,0.0,0.0
SOL,2012,4,0.0,0.0
SOL,2016,3,0.0,0.0
SOL,2020,3,0.0,0.0
SOL,2024,2,0.0,0.0
SOM,1972,4,0.0,0.0
SOM,1984,9,0.0,0.0
SOM,1988,5,0.0,0.0
SOM,1996,4,0.0,0.0
SOM,2000,2,0.0,0.0
SOM,2004,2,0.0,0.0
SOM,2008,2,0.0,0.0
SOM,2012,2,0.0,0.0
SOM,2016,2,0.0,0.0
SOM,2020,2,0.0,0.0
SOM,2024,1,0.0,0.0
SRB,1912,2,0.0,0.0
SRB,2008,97,15.0,0.1546391752577319
SRB,2012,134,16.0,0.1194029850746268
SRB,2016,127,54.0,0.4251968503937008
SRB,2020,110,35.0,0.3181818181818182
SRB,2024,114,29.0,0.2543859649122807
SRI,1948,10,1.0,0.1
SRI,1952,7,0.0,0.0
SRI,1956,3,0.0,0.0
SRI,1960,5,0.0,0.0
SRI,1964,7,0.0,0.0
SRI,1968,3,0.0,0.0
SRI,1972,6,0.0,0.0
SRI,1980,4,0.0,0.0
SRI,1984,6,0.0,0.0
SRI,1988,9,0.0,0.0
SRI,1992,16,0.0,0.0
SRI,1996,11,0.0,0.0
SRI,2000,24,1.0,0.0416666666666666
SRI,2004,8,0.0,0.0
SRI,2008,9,0.0,0.0
SRI,2012,8,0.0,0.0
SRI,2016,10,0.0,0.0
SRI,2020,13,0.0,0.0
SRI,2024,6,0.0,0.0
SSD,2016,3,0.0,0.0
SSD,2020,2,0.0,0.0
SSD,2024,14,0.0,0.0
STP,1996,2,0.0,0.0
STP,2000,2,0.0,0.0
STP,2004,2,0.0,0.0
STP,2008,4,0.0,0.0
STP,2012,2,0.0,0.0
STP,2016,3,0.0,0.0
STP,2020,5,0.0,0.0
STP,2024,3,0.0,0.0
SUD,1960,13,0.0,0.0
SUD,1968,7,0.0,0.0
SUD,1972,31,0.0,0.0
SUD,1984,9,0.0,0.0
SUD,1988,8,0.0,0.0
SUD,1992,7,0.0,0.0
SUD,1996,4,0.0,0.0
SUD,2000,3,0.0,0.0
SUD,2004,4,0.0,0.0
SUD,2008,9,1.0,0.1111111111111111
SUD,2012,6,0.0,0.0
SUD,2016,6,0.0,0.0
SUD,2020,5,0.0,0.0
SUD,2024,4,0.0,0.0
SUI,1896,8,3.0,0.375
SUI,1900,52,21.0,0.4038461538461538
SUI,1904,7,3.0,0.4285714285714285
SUI,1906,45,12.0,0.2666666666666666
SUI,1908,1,0.0,0.0
SUI,1912,7,2.0,0.2857142857142857
SUI,1920,126,29.0,0.2301587301587301
SUI,1924,262,60.0,0.2290076335877862
SUI,1928,236,30.0,0.1271186440677966
SUI,1932,9,1.0,0.1111111111111111
SUI,1936,328,52.0,0.1585365853658536
SUI,1948,287,36.0,0.1254355400696864
SUI,1952,251,33.0,0.1314741035856573
SUI,1956,18,3.0,0.1666666666666666
SUI,1960,221,12.0,0.0542986425339366
SUI,1964,129,6.0,0.0465116279069767
SUI,1968,155,13.0,0.0838709677419354
SUI,1972,265,8.0,0.030188679245283
SUI,1976,101,10.0,0.099009900990099
SUI,1980,86,2.0,0.0232558139534883
SUI,1984,245,13.0,0.0530612244897959
SUI,1988,151,8.0,0.0529801324503311
SUI,1992,171,1.0,0.0058479532163742
SUI,1996,172,11.0,0.063953488372093
SUI,2000,138,14.0,0.1014492753623188
SUI,2004,138,7.0,0.0507246376811594
SUI,2008,116,11.0,0.0948275862068965
SUI,2012,126,4.0,0.0317460317460317
SUI,2016,152,11.0,0.0723684210526315
SUI,2020,196,15.0,0.0765306122448979
SUI,2024,137,10.0,0.072992700729927
SUR,1968,1,0.0,0.0
SUR,1972,3,0.0,0.0
SUR,1976,4,0.0,0.0
SUR,1984,7,0.0,0.0
SUR,1988,10,1.0,0.1
SUR,1992,9,1.0,0.1111111111111111
SUR,1996,11,0.0,0.0
SUR,2000,5,0.0,0.0
SUR,2004,4,0.0,0.0
SUR,2008,4,0.0,0.0
SUR,2012,5,0.0,0.0
SUR,2016,6,0.0,0.0
SUR,2020,5,0.0,0.0
SUR,2024,5,0.0,0.0
SVK,1996,98,3.0,0.0306122448979591
SVK,2000,132,6.0,0.0454545454545454
SVK,2004,84,10.0,0.119047619047619
SVK,2008,67,10.0,0.1492537313432835
SVK,2012,65,5.0,0.0769230769230769
SVK,2016,63,8.0,0.1269841269841269
SVK,2020,56,7.0,0.125
SVK,2024,28,1.0,0.0357142857142857
SWE,1896,5,0.0,0.0
SWE,1900,27,4.0,0.1481481481481481
SWE,1906,95,21.0,0.2210526315789473
SWE,1908,276,84.0,0.3043478260869565
SWE,1912,714,190.0,0.2661064425770308
SWE,1920,404,154.0,0.3811881188118812
SWE,1924,256,72.0,0.28125
SWE,1928,139,37.0,0.2661870503597122
SWE,1932,128,32.0,0.25
SWE,1936,231,35.0,0.1515151515151515
SWE,1948,223,75.0,0.336322869955157
SWE,1952,355,70.0,0.1971830985915492
SWE,1956,186,34.0,0.1827956989247312
SWE,1960,258,7.0,0.0271317829457364
SWE,1964,175,15.0,0.0857142857142857
SWE,1968,186,9.0,0.0483870967741935
SWE,1972,186,22.0,0.1182795698924731
SWE,1976,163,10.0,0.0613496932515337
SWE,1980,201,20.0,0.099502487562189
SWE,1984,254,34.0,0.1338582677165354
SWE,1988,251,16.0,0.0637450199203187
SWE,1992,252,35.0,0.1388888888888889
SWE,1996,233,31.0,0.1330472103004291
SWE,2000,198,32.0,0.1616161616161616
SWE,2004,157,12.0,0.0764331210191082
SWE,2008,169,7.0,0.0414201183431952
SWE,2012,168,22.0,0.1309523809523809
SWE,2016,186,28.0,0.1505376344086021
SWE,2020,173,34.0,0.1965317919075144
SWE,2024,125,14.0,0.112
SWZ,1972,4,0.0,0.0
SWZ,1984,11,0.0,0.0
SWZ,1988,15,0.0,0.0
SWZ,1992,10,0.0,0.0
SWZ,1996,6,0.0,0.0
SWZ,2000,6,0.0,0.0
SWZ,2004,3,0.0,0.0
SWZ,2008,4,0.0,0.0
SWZ,2012,3,0.0,0.0
SWZ,2016,2,0.0,0.0
SWZ,2020,4,0.0,0.0
SWZ,2024,3,0.0,0.0
SYR,1948,1,0.0,0.0
SYR,1968,2,0.0,0.0
SYR,1972,5,0.0,0.0
SYR,1980,71,0.0,0.0
SYR,1984,9,1.0,0.1111111111111111
SYR,1988,13,0.0,0.0
SYR,1992,9,0.0,0.0
SYR,1996,8,1.0,0.125
SYR,2000,8,0.0,0.0
SYR,2004,6,1.0,0.1666666666666666
SYR,2008,7,0.0,0.0
SYR,2012,10,0.0,0.0
SYR,2016,7,0.0,0.0
SYR,2020,6,1.0,0.1666666666666666
SYR,2024,6,0.0,0.0
TAN,1964,4,0.0,0.0
TAN,1968,5,0.0,0.0
TAN,1972,22,0.0,0.0
TAN,1980,48,2.0,0.0416666666666666
TAN,1984,21,0.0,0.0
TAN,1988,10,0.0,0.0
TAN,1992,9,0.0,0.0
TAN,1996,7,0.0,0.0
TAN,2000,4,0.0,0.0
TAN,2004,9,0.0,0.0
TAN,2008,9,0.0,0.0
TAN,2012,6,0.0,0.0
TAN,2016,7,0.0,0.0
TAN,2020,3,0.0,0.0
TAN,2024,7,0.0,0.0
CZE,1920,182,10.0,0.0549450549450549
CZE,1924,242,10.0,0.0413223140495867
CZE,1928,147,16.0,0.1088435374149659
CZE,1932,44,6.0,0.1363636363636363
CZE,1936,293,18.0,0.0614334470989761
CZE,1948,153,20.0,0.130718954248366
CZE,1952,218,25.0,0.1146788990825688
CZE,1956,161,7.0,0.0434782608695652
CZE,1960,202,22.0,0.1089108910891089
CZE,1964,187,54.0,0.2887700534759358
CZE,1968,203,29.0,0.1428571428571428
CZE,1972,274,29.0,0.1058394160583941
CZE,1976,251,15.0,0.0597609561752988
CZE,1980,317,51.0,0.1608832807570978
CZE,1988,226,10.0,0.0442477876106194
CZE,1992,269,8.0,0.0297397769516728
TGA,1984,7,0.0,0.0
TGA,1988,7,0.0,0.0
TGA,1992,5,0.0,0.0
TGA,1996,5,1.0,0.2
TGA,2000,3,0.0,0.0
TGA,2004,5,0.0,0.0
TGA,2008,3,0.0,0.0
TGA,2012,3,0.0,0.0
TGA,2016,7,0.0,0.0
TGA,2020,6,0.0,0.0
TGA,2024,4,0.0,0.0
THA,1952,15,0.0,0.0
THA,1956,40,0.0,0.0
THA,1960,24,0.0,0.0
THA,1964,67,0.0,0.0
THA,1968,46,0.0,0.0
THA,1972,37,0.0,0.0
THA,1976,62,1.0,0.0161290322580645
THA,1984,40,1.0,0.025
THA,1988,15,1.0,0.0666666666666666
THA,1992,64,1.0,0.015625
THA,1996,58,2.0,0.0344827586206896
THA,2000,68,3.0,0.0441176470588235
THA,2004,51,8.0,0.1568627450980392
THA,2008,53,4.0,0.0754716981132075
THA,2012,43,3.0,0.0697674418604651
THA,2016,58,6.0,0.1034482758620689
THA,2020,48,2.0,0.0416666666666666
THA,2024,52,6.0,0.1153846153846153
TJK,1996,8,0.0,0.0
TJK,2000,4,0.0,0.0
TJK,2004,9,0.0,0.0
TJK,2008,16,2.0,0.125
TJK,2012,16,1.0,0.0625
TJK,2016,7,1.0,0.1428571428571428
TJK,2020,10,0.0,0.0
TJK,2024,14,3.0,0.2142857142857142
TKM,1996,7,0.0,0.0
TKM,2000,8,0.0,0.0
TKM,2004,10,0.0,0.0
TKM,2008,10,0.0,0.0
TKM,2012,10,0.0,0.0
TKM,2016,9,0.0,0.0
TKM,2020,10,1.0,0.1
TKM,2024,6,0.0,0.0
TLS,2004,2,0.0,0.0
TLS,2008,1,0.0,0.0
TLS,2012,2,0.0,0.0
TLS,2016,3,0.0,0.0
TLS,2020,3,0.0,0.0
TLS,2024,4,0.0,0.0
TOG,1972,7,0.0,0.0
TOG,1984,6,0.0,0.0
TOG,1988,6,0.0,0.0
TOG,1992,9,0.0,0.0
TOG,1996,7,0.0,0.0
TOG,2000,3,0.0,0.0
TOG,2004,3,0.0,0.0
TOG,2008,4,1.0,0.25
TOG,2012,6,0.0,0.0
TOG,2016,5,0.0,0.0
TOG,2020,4,0.0,0.0
TOG,2024,5,0.0,0.0
TPE,1956,23,0.0,0.0
TPE,1960,31,1.0,0.032258064516129
TPE,1964,96,0.0,0.0
TPE,1968,93,1.0,0.010752688172043
TPE,1972,44,0.0,0.0
TPE,1984,52,1.0,0.0192307692307692
TPE,1988,123,0.0,0.0
TPE,1992,38,20.0,0.5263157894736842
TPE,1996,107,1.0,0.0093457943925233
TPE,2000,75,5.0,0.0666666666666666
TPE,2004,104,9.0,0.0865384615384615
TPE,2008,92,4.0,0.0434782608695652
TPE,2012,55,2.0,0.0363636363636363
TPE,2016,67,5.0,0.0746268656716417
TPE,2020,117,16.0,0.1367521367521367
TPE,2024,60,8.0,0.1333333333333333
TTO,1948,9,1.0,0.1111111111111111
TTO,1952,2,2.0,1.0
TTO,1956,10,0.0,0.0
TTO,1964,18,6.0,0.3333333333333333
TTO,1968,25,0.0,0.0
TTO,1972,36,0.0,0.0
TTO,1976,20,1.0,0.05
TTO,1980,15,0.0,0.0
TTO,1984,23,0.0,0.0
TTO,1988,10,0.0,0.0
TTO,1992,13,0.0,0.0
TTO,1996,16,2.0,0.125
TTO,2000,29,2.0,0.0689655172413793
TTO,2004,26,1.0,0.0384615384615384
TTO,2008,35,6.0,0.1714285714285714
TTO,2012,38,10.0,0.2631578947368421
TTO,2016,43,1.0,0.0232558139534883
TTO,2020,44,0.0,0.0
TTO,2024,17,0.0,0.0
TUN,1960,56,0.0,0.0
TUN,1964,12,2.0,0.1666666666666666
TUN,1968,8,2.0,0.25
TUN,1972,37,1.0,0.027027027027027
TUN,1976,16,0.0,0.0
TUN,1984,28,0.0,0.0
TUN,1988,45,0.0,0.0
TUN,1992,15,0.0,0.0
TUN,1996,52,1.0,0.0192307692307692
TUN,2000,47,0.0,0.0
TUN,2004,64,0.0,0.0
TUN,2008,29,1.0,0.0344827586206896
TUN,2012,87,3.0,0.0344827586206896
TUN,2016,65,3.0,0.0461538461538461
TUN,2020,73,2.0,0.0273972602739726
TUN,2024,26,3.0,0.1153846153846153
TUR,1906,2,0.0,0.0
TUR,1912,7,0.0,0.0
TUR,1924,23,0.0,0.0
TUR,1928,40,0.0,0.0
TUR,1932,2,0.0,0.0
TUR,1936,62,2.0,0.032258064516129
TUR,1948,87,12.0,0.1379310344827586
TUR,1952,58,3.0,0.0517241379310344
TUR,1956,28,7.0,0.25
TUR,1960,58,9.0,0.1551724137931034
TUR,1964,25,6.0,0.24
TUR,1968,30,2.0,0.0666666666666666
TUR,1972,50,1.0,0.02
TUR,1976,28,0.0,0.0
TUR,1984,62,3.0,0.0483870967741935
TUR,1988,51,2.0,0.0392156862745098
TUR,1992,54,6.0,0.1111111111111111
TUR,1996,61,6.0,0.0983606557377049
TUR,2000,67,5.0,0.0746268656716417
TUR,2004,74,11.0,0.1486486486486486
TUR,2008,71,7.0,0.0985915492957746
TUR,2012,119,5.0,0.042016806722689
TUR,2016,119,8.0,0.0672268907563025
TUR,2020,139,13.0,0.0935251798561151
TUR,2024,101,11.0,0.1089108910891089
TUV,2008,3,0.0,0.0
TUV,2012,3,0.0,0.0
TUV,2016,1,0.0,0.0
TUV,2020,2,0.0,0.0
TUV,2024,2,0.0,0.0
UAE,1984,11,0.0,0.0
UAE,1988,36,0.0,0.0
UAE,1992,36,0.0,0.0
UAE,1996,4,0.0,0.0
UAE,2000,5,0.0,0.0
UAE,2004,5,1.0,0.2
UAE,2008,9,0.0,0.0
UAE,2012,26,0.0,0.0
UAE,2016,12,1.0,0.0833333333333333
UAE,2020,5,0.0,0.0
UAE,2024,13,0.0,0.0
EGY,1960,123,2.0,0.016260162601626
UGA,1956,5,0.0,0.0
UGA,1960,16,0.0,0.0
UGA,1964,19,0.0,0.0
UGA,1968,14,2.0,0.1428571428571428
UGA,1972,35,2.0,0.0571428571428571
UGA,1980,16,1.0,0.0625
UGA,1984,30,0.0,0.0
UGA,1988,30,0.0,0.0
UGA,1992,9,0.0,0.0
UGA,1996,12,1.0,0.0833333333333333
UGA,2000,13,0.0,0.0
UGA,2004,11,0.0,0.0
UGA,2008,11,0.0,0.0
UGA,2012,16,1.0,0.0625
UGA,2016,23,0.0,0.0
UGA,2020,28,4.0,0.1428571428571428
UGA,2024,25,2.0,0.08
UKR,1996,351,34.0,0.0968660968660968
UKR,2000,368,35.0,0.0951086956521739
UKR,2004,357,47.0,0.1316526610644257
UKR,2008,327,31.0,0.0948012232415902
UKR,2012,304,26.0,0.0855263157894736
UKR,2016,272,15.0,0.0551470588235294
UKR,2020,225,29.0,0.1288888888888889
UKR,2024,141,15.0,0.1063829787234042
RUS,1952,451,117.0,0.2594235033259423
RUS,1956,411,169.0,0.4111922141119221
RUS,1960,414,169.0,0.4082125603864734
RUS,1964,463,174.0,0.3758099352051836
RUS,1968,471,192.0,0.4076433121019108
RUS,1972,531,214.0,0.4030131826741996
RUS,1976,574,286.0,0.4982578397212543
RUS,1980,660,442.0,0.6696969696969697
RUS,1988,647,300.0,0.463678516228748
URU,1924,40,14.0,0.35
URU,1928,17,17.0,1.0
URU,1932,6,1.0,0.1666666666666666
URU,1936,40,0.0,0.0
URU,1948,79,3.0,0.0379746835443038
URU,1952,42,14.0,0.3333333333333333
URU,1956,29,12.0,0.4137931034482758
URU,1960,42,0.0,0.0
URU,1964,29,1.0,0.0344827586206896
URU,1968,50,0.0,0.0
URU,1972,20,0.0,0.0
URU,1976,15,0.0,0.0
URU,1984,23,0.0,0.0
URU,1988,18,0.0,0.0
URU,1992,18,0.0,0.0
URU,1996,15,0.0,0.0
URU,2000,17,1.0,0.0588235294117647
URU,2004,18,0.0,0.0
URU,2008,13,0.0,0.0
URU,2012,27,0.0,0.0
URU,2016,17,0.0,0.0
URU,2020,11,0.0,0.0
URU,2024,27,0.0,0.0
USA,1896,27,20.0,0.7407407407407407
USA,1900,135,63.0,0.4666666666666667
USA,1904,1109,394.0,0.3552750225428314
USA,1906,81,24.0,0.2962962962962963
USA,1908,219,65.0,0.2968036529680365
USA,1912,364,107.0,0.2939560439560439
USA,1920,473,194.0,0.4101479915433403
USA,1924,459,182.0,0.3965141612200435
USA,1928,426,88.0,0.2065727699530516
USA,1932,743,189.0,0.2543741588156124
USA,1936,487,96.0,0.1971252566735113
USA,1948,424,152.0,0.3584905660377358
USA,1952,451,134.0,0.2971175166297117
USA,1956,443,123.0,0.2776523702031602
USA,1960,428,125.0,0.2920560747663551
USA,1964,492,169.0,0.3434959349593496
USA,1968,529,166.0,0.3137996219281663
USA,1972,578,171.0,0.2958477508650519
USA,1976,554,164.0,0.296028880866426
USA,1984,693,352.0,0.5079365079365079
USA,1988,715,207.0,0.2895104895104895
USA,1992,734,224.0,0.3051771117166212
USA,1996,839,259.0,0.3087008343265792
USA,2000,764,242.0,0.3167539267015706
USA,2004,726,263.0,0.3622589531680441
USA,2008,763,317.0,0.4154652686762778
USA,2012,689,248.0,0.3599419448476052
USA,2016,719,264.0,0.3671766342141864
USA,2020,856,298.0,0.3481308411214953
USA,2024,619,258.0,0.4168012924071082
UZB,1996,95,2.0,0.0210526315789473
UZB,2000,85,4.0,0.0470588235294117
UZB,2004,79,5.0,0.0632911392405063
UZB,2008,69,6.0,0.0869565217391304
UZB,2012,56,3.0,0.0535714285714285
UZB,2016,80,13.0,0.1625
UZB,2020,85,5.0,0.0588235294117647
UZB,2024,88,13.0,0.1477272727272727
VAN,1988,6,0.0,0.0
VAN,1992,8,0.0,0.0
VAN,1996,4,0.0,0.0
VAN,2000,3,0.0,0.0
VAN,2004,2,0.0,0.0
VAN,2008,3,0.0,0.0
VAN,2012,5,0.0,0.0
VAN,2016,4,0.0,0.0
VAN,2020,3,0.0,0.0
VAN,2024,6,0.0,0.0
VEN,1932,1,0.0,0.0
VEN,1948,2,0.0,0.0
VEN,1952,63,1.0,0.0158730158730158
VEN,1956,38,0.0,0.0
VEN,1960,54,1.0,0.0185185185185185
VEN,1964,23,0.0,0.0
VEN,1968,30,1.0,0.0333333333333333
VEN,1972,33,0.0,0.0
VEN,1976,56,1.0,0.0178571428571428
VEN,1980,43,1.0,0.0232558139534883
VEN,1984,44,3.0,0.0681818181818181
VEN,1988,17,0.0,0.0
VEN,1992,27,0.0,0.0
VEN,1996,53,0.0,0.0
VEN,2000,65,0.0,0.0
VEN,2004,53,2.0,0.0377358490566037
VEN,2008,126,1.0,0.0079365079365079
VEN,2012,85,1.0,0.0117647058823529
VEN,2016,105,3.0,0.0285714285714285
VEN,2020,47,4.0,0.0851063829787234
VEN,2024,31,0.0,0.0
VIE,1980,38,0.0,0.0
VIE,1988,12,0.0,0.0
VIE,1992,10,0.0,0.0
VIE,1996,6,0.0,0.0
VIE,2000,7,1.0,0.1428571428571428
VIE,2004,11,0.0,0.0
VIE,2008,18,1.0,0.0555555555555555
VIE,2012,24,0.0,0.0
VIE,2016,28,2.0,0.0714285714285714
VIE,2020,23,0.0,0.0
VIE,2024,16,0.0,0.0
VIN,1988,6,0.0,0.0
VIN,1992,8,0.0,0.0
VIN,1996,12,0.0,0.0
VIN,2000,4,0.0,0.0
VIN,2004,3,0.0,0.0
VIN,2008,2,0.0,0.0
VIN,2012,3,0.0,0.0
VIN,2016,4,0.0,0.0
VIN,2020,3,0.0,0.0
VIN,2024,4,0.0,0.0
VNM,1952,13,0.0,0.0
VNM,1956,10,0.0,0.0
VNM,1960,5,0.0,0.0
VNM,1964,23,0.0,0.0
VNM,1968,9,0.0,0.0
VNM,1972,2,0.0,0.0
YEM,1984,3,0.0,0.0
YEM,1988,8,0.0,0.0
YEM,1992,8,0.0,0.0
YEM,1996,4,0.0,0.0
YEM,2000,2,0.0,0.0
YEM,2004,3,0.0,0.0
YEM,2008,8,0.0,0.0
YEM,2012,4,0.0,0.0
YEM,2016,3,0.0,0.0
YEM,2020,6,0.0,0.0
YEM,2024,4,0.0,0.0
YEM,1988,5,0.0,0.0
SRB,1920,15,0.0,0.0
SRB,1924,116,2.0,0.0172413793103448
SRB,1928,86,12.0,0.1395348837209302
SRB,1932,1,0.0,0.0
SRB,1936,173,1.0,0.0057803468208092
SRB,1948,162,16.0,0.0987654320987654
SRB,1952,194,24.0,0.1237113402061855
SRB,1956,37,23.0,0.6216216216216216
SRB,1960,185,17.0,0.0918918918918919
SRB,1964,123,15.0,0.1219512195121951
SRB,1968,130,29.0,0.2230769230769231
SRB,1972,212,18.0,0.0849056603773584
SRB,1976,95,19.0,0.2
SRB,1980,180,57.0,0.3166666666666666
SRB,1984,154,87.0,0.564935064935065
SRB,1988,183,63.0,0.3442622950819672
ZAM,1964,15,0.0,0.0
ZAM,1968,7,0.0,0.0
ZAM,1972,12,0.0,0.0
ZAM,1980,43,0.0,0.0
ZAM,1984,18,1.0,0.0555555555555555
ZAM,1988,33,0.0,0.0
ZAM,1992,11,0.0,0.0
ZAM,1996,8,1.0,0.125
ZAM,2000,8,0.0,0.0
ZAM,2004,6,0.0,0.0
ZAM,2008,8,0.0,0.0
ZAM,2012,7,0.0,0.0
ZAM,2016,7,0.0,0.0
ZAM,2020,31,0.0,0.0
ZAM,2024,31,1.0,0.032258064516129
ZIM,1928,2,0.0,0.0
ZIM,1960,10,0.0,0.0
ZIM,1964,33,0.0,0.0
ZIM,1980,52,15.0,0.2884615384615384
ZIM,1984,20,0.0,0.0
ZIM,1988,47,0.0,0.0
ZIM,1992,28,0.0,0.0
ZIM,1996,21,0.0,0.0
ZIM,2000,26,0.0,0.0
ZIM,2004,14,3.0,0.2142857142857142
ZIM,2008,16,4.0,0.25
ZIM,2012,9,0.0,0.0
ZIM,2016,31,0.0,0.0
ZIM,2020,5,0.0,0.0
ZIM,2024,7,0.0,0.0
